,STATEFP,COUNTYFP,TRACTCE,AFFGEOID,GEOID,NAME,LSAD,ALAND,AWATER
6,24,510,10400,1400000US24510010400,24510010400,104.0,CT,373744,558487
7,24,510,160100,1400000US24510160100,24510160100,1601.0,CT,382639,0
8,24,510,180100,1400000US24510180100,24510180100,1801.0,CT,341616,0
9,24,510,230100,1400000US24510230100,24510230100,2301.0,CT,336352,0
10,24,510,240300,1400000US24510240300,24510240300,2403.0,CT,200576,0
11,24,510,260203,1400000US24510260203,24510260203,2602.03,CT,890682,0
12,24,510,260800,1400000US24510260800,24510260800,2608.0,CT,311708,0
13,24,510,260900,1400000US24510260900,24510260900,2609.0,CT,550656,0
14,24,510,271503,1400000US24510271503,24510271503,2715.03,CT,742762,1671
15,24,510,272007,1400000US24510272007,24510272007,2720.07,CT,802300,0
16,24,005,411303,1400000US24005411303,24005411303,4113.03,CT,3173077,0
17,24,005,411410,1400000US24005411410,24005411410,4114.1,CT,2161295,2658
18,24,005,430104,1400000US24005430104,24005430104,4301.04,CT,1491597,0
19,24,005,440702,1400000US24005440702,24005440702,4407.02,CT,2835782,24664
20,24,005,450800,1400000US24005450800,24005450800,4508.0,CT,2074609,351332
21,24,005,452100,1400000US24005452100,24005452100,4521.0,CT,2894632,1232621
22,24,005,490200,1400000US24005490200,24005490200,4902.0,CT,2240824,0
23,24,005,490701,1400000US24005490701,24005490701,4907.01,CT,1306997,3036
24,24,005,492300,1400000US24005492300,24005492300,4923.0,CT,1213470,16046
26,24,003,702209,1400000US24003702209,24003702209,7022.09,CT,2176676,0
27,24,003,702500,1400000US24003702500,24003702500,7025.0,CT,7347542,2848979
28,24,003,706401,1400000US24003706401,24003706401,7064.01,CT,2216281,19353
29,24,003,731003,1400000US24003731003,24003731003,7310.03,CT,3188431,1225329
37,24,031,701312,1400000US24031701312,24031701312,7013.12,CT,4053943,0
38,24,031,701423,1400000US24031701423,24031701423,7014.23,CT,1048075,21240
39,24,031,701702,1400000US24031701702,24031701702,7017.02,CT,566912,0
40,24,031,702900,1400000US24031702900,24031702900,7029.0,CT,2565058,0
41,24,031,703702,1400000US24031703702,24031703702,7037.02,CT,1242321,0
42,24,031,705501,1400000US24031705501,24031705501,7055.01,CT,204001,0
43,24,031,705903,1400000US24031705903,24031705903,7059.03,CT,2832632,0
44,24,031,706012,1400000US24031706012,24031706012,7060.12,CT,2086441,40250
56,24,510,40100,1400000US24510040100,24510040100,401.0,CT,1191002,1430
57,24,510,80301,1400000US24510080301,24510080301,803.01,CT,268608,0
58,24,510,100100,1400000US24510100100,24510100100,1001.0,CT,453809,0
59,24,510,120201,1400000US24510120201,24510120201,1202.01,CT,348020,0
60,24,510,120500,1400000US24510120500,24510120500,1205.0,CT,534553,0
61,24,510,130200,1400000US24510130200,24510130200,1302.0,CT,346792,0
62,24,510,140300,1400000US24510140300,24510140300,1403.0,CT,389282,0
63,24,510,20100,1400000US24510020100,24510020100,201.0,CT,174536,0
67,24,003,750101,1400000US24003750101,24003750101,7501.01,CT,1345542,0
68,24,003,750801,1400000US24003750801,24003750801,7508.01,CT,5075471,0
69,24,005,400600,1400000US24005400600,24005400600,4006.0,CT,968869,0
70,24,005,400800,1400000US24005400800,24005400800,4008.0,CT,1472876,0
71,24,005,402303,1400000US24005402303,24005402303,4023.03,CT,2862489,3368
72,24,005,402506,1400000US24005402506,24005402506,4025.06,CT,2290488,2042
73,24,005,404102,1400000US24005404102,24005404102,4041.02,CT,4713530,0
74,24,005,408503,1400000US24005408503,24005408503,4085.03,CT,2087842,12985
82,24,031,700104,1400000US24031700104,24031700104,7001.04,CT,2409650,16378
83,24,031,700607,1400000US24031700607,24031700607,7006.07,CT,3917402,16056
84,24,031,700706,1400000US24031700706,24031700706,7007.06,CT,3647963,23243
85,24,031,700721,1400000US24031700721,24031700721,7007.21,CT,410197,7882
86,24,031,700828,1400000US24031700828,24031700828,7008.28,CT,1266759,27320
87,24,031,701007,1400000US24031701007,24031701007,7010.07,CT,2445038,675
88,24,003,740105,1400000US24003740105,24003740105,7401.05,CT,1733279,0
110,24,510,151200,1400000US24510151200,24510151200,1512.0,CT,777390,0
111,24,510,160400,1400000US24510160400,24510160400,1604.0,CT,401142,0
112,24,510,170300,1400000US24510170300,24510170300,1703.0,CT,305829,0
113,24,510,180200,1400000US24510180200,24510180200,1802.0,CT,234701,0
114,24,510,200100,1400000US24510200100,24510200100,2001.0,CT,264900,0
115,24,510,220100,1400000US24510220100,24510220100,2201.0,CT,1156857,285681
116,24,510,250101,1400000US24510250101,24510250101,2501.01,CT,962784,0
117,24,510,250207,1400000US24510250207,24510250207,2502.07,CT,917475,380163
118,24,510,260401,1400000US24510260401,24510260401,2604.01,CT,1341148,0
124,24,031,705400,1400000US24031705400,24031705400,7054.0,CT,1965939,0
125,24,001,300,1400000US24001000300,24001000300,3.0,CT,22375901,5874
126,24,001,1800,1400000US24001001800,24001001800,18.0,CT,9089057,2338
130,24,510,10200,1400000US24510010200,24510010200,102.0,CT,355165,0
131,24,510,10300,1400000US24510010300,24510010300,103.0,CT,673883,10498
132,24,510,20200,1400000US24510020200,24510020200,202.0,CT,197559,0
133,24,510,60100,1400000US24510060100,24510060100,601.0,CT,238719,0
139,24,510,80102,1400000US24510080102,24510080102,801.02,CT,365633,0
140,24,510,80600,1400000US24510080600,24510080600,806.0,CT,336416,0
141,24,510,130803,1400000US24510130803,24510130803,1308.03,CT,693566,0
142,24,510,150400,1400000US24510150400,24510150400,1504.0,CT,815572,0
143,24,510,260604,1400000US24510260604,24510260604,2606.04,CT,503666,0
144,24,510,270101,1400000US24510270101,24510270101,2701.01,CT,954112,2251
145,24,510,270702,1400000US24510270702,24510270702,2707.02,CT,848720,0
146,24,510,271001,1400000US24510271001,24510271001,2710.01,CT,505077,0
147,24,031,701601,1400000US24031701601,24031701601,7016.01,CT,299513,0
148,24,031,702101,1400000US24031702101,24031702101,7021.01,CT,1638397,22613
149,24,031,702402,1400000US24031702402,24031702402,7024.02,CT,964624,0
150,24,031,703000,1400000US24031703000,24031703000,7030.0,CT,1083280,0
151,24,031,703213,1400000US24031703213,24031703213,7032.13,CT,588534,889
152,24,031,703301,1400000US24031703301,24031703301,7033.01,CT,1502456,0
153,24,031,703403,1400000US24031703403,24031703403,7034.03,CT,1214584,0
154,24,031,703902,1400000US24031703902,24031703902,7039.02,CT,2173992,204
155,24,031,704803,1400000US24031704803,24031704803,7048.03,CT,609158,0
157,24,510,272006,1400000US24510272006,24510272006,2720.06,CT,736774,0
158,24,510,280302,1400000US24510280302,24510280302,2803.02,CT,956019,12640
166,24,005,440701,1400000US24005440701,24005440701,4407.01,CT,3906999,4918
167,24,005,450400,1400000US24005450400,24005450400,4504.0,CT,1191503,1567939
168,24,005,490601,1400000US24005490601,24005490601,4906.01,CT,552672,0
169,24,005,490703,1400000US24005490703,24005490703,4907.03,CT,1532802,0
170,24,005,491000,1400000US24005491000,24005491000,4910.0,CT,1242101,0
171,24,005,491600,1400000US24005491600,24005491600,4916.0,CT,875053,0
172,24,005,492600,1400000US24005492600,24005492600,4926.0,CT,4325242,0
176,24,031,700206,1400000US24031700206,24031700206,7002.06,CT,12812265,16673
180,24,031,700723,1400000US24031700723,24031700723,7007.23,CT,1784059,12854
181,24,031,700816,1400000US24031700816,24031700816,7008.16,CT,2965659,26540
182,24,031,700822,1400000US24031700822,24031700822,7008.22,CT,730342,0
183,24,031,700835,1400000US24031700835,24031700835,7008.35,CT,5633929,48922
184,24,031,701004,1400000US24031701004,24031701004,7010.04,CT,3063298,6703
185,24,031,701214,1400000US24031701214,24031701214,7012.14,CT,1250184,0
186,24,031,701218,1400000US24031701218,24031701218,7012.18,CT,725922,0
187,24,031,701313,1400000US24031701313,24031701313,7013.13,CT,2637568,1882
188,24,031,701418,1400000US24031701418,24031701418,7014.18,CT,1229465,0
189,24,005,402302,1400000US24005402302,24005402302,4023.02,CT,2901560,0
190,24,005,402304,1400000US24005402304,24005402304,4023.04,CT,1540713,0
191,24,031,700306,1400000US24031700306,24031700306,7003.06,CT,3067908,4451
192,24,003,702208,1400000US24003702208,24003702208,7022.08,CT,4207283,0
193,24,003,706302,1400000US24003706302,24003706302,7063.02,CT,1439120,973889
194,24,003,730204,1400000US24003730204,24003730204,7302.04,CT,4726194,0
195,24,003,730402,1400000US24003730402,24003730402,7304.02,CT,3097990,0
196,24,003,731002,1400000US24003731002,24003731002,7310.02,CT,7574623,3342523
197,24,003,731307,1400000US24003731307,24003731307,7313.07,CT,6275243,23859
198,24,003,740203,1400000US24003740203,24003740203,7402.03,CT,9239385,0
199,24,005,400200,1400000US24005400200,24005400200,4002.0,CT,922283,0
200,24,005,400701,1400000US24005400701,24005400701,4007.01,CT,1186714,0
201,24,005,400900,1400000US24005400900,24005400900,4009.0,CT,1023192,0
202,24,005,408505,1400000US24005408505,24005408505,4085.05,CT,4061574,5404
203,24,005,402505,1400000US24005402505,24005402505,4025.05,CT,1252893,1753
204,24,005,403201,1400000US24005403201,24005403201,4032.01,CT,1764536,0
205,24,005,403602,1400000US24005403602,24005403602,4036.02,CT,2754967,0
206,24,005,404201,1400000US24005404201,24005404201,4042.01,CT,2402856,0
207,24,005,408303,1400000US24005408303,24005408303,4083.03,CT,14620166,37743
208,24,005,411306,1400000US24005411306,24005411306,4113.06,CT,2661346,0
209,24,005,411308,1400000US24005411308,24005411308,4113.08,CT,4110193,7041
210,24,005,420302,1400000US24005420302,24005420302,4203.02,CT,544204,90546
211,24,005,420600,1400000US24005420600,24005420600,4206.0,CT,1554411,0
212,24,005,430101,1400000US24005430101,24005430101,4301.01,CT,1465370,2098
213,24,005,430900,1400000US24005430900,24005430900,4309.0,CT,1454314,0
218,24,003,702204,1400000US24003702204,24003702204,7022.04,CT,2523194,0
221,24,003,731103,1400000US24003731103,24003731103,7311.03,CT,8562084,0
222,24,510,150500,1400000US24510150500,24510150500,1505.0,CT,949477,9673
223,24,510,200702,1400000US24510200702,24510200702,2007.02,CT,288171,0
224,24,510,270200,1400000US24510270200,24510270200,2702.0,CT,938519,0
225,24,510,280403,1400000US24510280403,24510280403,2804.03,CT,1831350,0
226,24,510,110200,1400000US24510110200,24510110200,1102.0,CT,720072,0
227,24,031,700904,1400000US24031700904,24031700904,7009.04,CT,1126890,1173
228,24,031,701314,1400000US24031701314,24031701314,7013.14,CT,1411049,9735
229,24,031,703218,1400000US24031703218,24031703218,7032.18,CT,611977,4362
236,24,510,10100,1400000US24510010100,24510010100,101.0,CT,393198,148387
237,24,031,700811,1400000US24031700811,24031700811,7008.11,CT,1510819,8739
239,24,510,80700,1400000US24510080700,24510080700,807.0,CT,298756,0
240,24,510,150200,1400000US24510150200,24510150200,1502.0,CT,420325,0
241,24,510,250203,1400000US24510250203,24510250203,2502.03,CT,923337,361546
242,24,510,280200,1400000US24510280200,24510280200,2802.0,CT,2413240,0
246,24,005,490602,1400000US24005490602,24005490602,4906.02,CT,786168,0
254,24,031,706010,1400000US24031706010,24031706010,7060.1,CT,2003393,4672
255,24,005,401000,1400000US24005401000,24005401000,4010.0,CT,1355602,0
256,24,005,402406,1400000US24005402406,24005402406,4024.06,CT,2257280,15211
257,24,005,408704,1400000US24005408704,24005408704,4087.04,CT,5487317,1117
258,24,005,421101,1400000US24005421101,24005421101,4211.01,CT,683539,0
259,24,005,452300,1400000US24005452300,24005452300,4523.0,CT,2318131,223651
260,24,003,751000,1400000US24003751000,24003751000,7510.0,CT,3227979,0
261,24,005,430700,1400000US24005430700,24005430700,4307.0,CT,2206909,0
262,24,005,490302,1400000US24005490302,24005490302,4903.02,CT,2671780,0
267,24,031,700615,1400000US24031700615,24031700615,7006.15,CT,2724405,21367
268,24,031,700820,1400000US24031700820,24031700820,7008.2,CT,848980,843
269,24,001,100,1400000US24001000100,24001000100,1.0,CT,486755797,7821335
270,24,031,701800,1400000US24031701800,24031701800,7018.0,CT,1539708,4700
271,24,031,705601,1400000US24031705601,24031705601,7056.01,CT,1179882,5940
273,24,510,270803,1400000US24510270803,24510270803,2708.03,CT,2190787,2110
275,24,031,701420,1400000US24031701420,24031701420,7014.2,CT,2654063,6692
276,24,510,80800,1400000US24510080800,24510080800,808.0,CT,327456,0
277,24,510,150300,1400000US24510150300,24510150300,1503.0,CT,399172,0
278,24,510,270102,1400000US24510270102,24510270102,2701.02,CT,1021030,0
279,24,003,750202,1400000US24003750202,24003750202,7502.02,CT,2530562,0
282,24,031,703502,1400000US24031703502,24031703502,7035.02,CT,1421516,7408
283,24,003,730603,1400000US24003730603,24003730603,7306.03,CT,6409685,3175
284,24,001,1100,1400000US24001001100,24001001100,11.0,CT,780807,34137
286,24,005,451401,1400000US24005451401,24005451401,4514.01,CT,697608,0
287,24,005,430200,1400000US24005430200,24005430200,4302.0,CT,1661425,15655
288,24,005,402602,1400000US24005402602,24005402602,4026.02,CT,1237874,0
289,24,005,404202,1400000US24005404202,24005404202,4042.02,CT,5815917,10669
290,24,031,704805,1400000US24031704805,24031704805,7048.05,CT,309189,0
291,24,005,492001,1400000US24005492001,24005492001,4920.01,CT,994531,0
295,24,510,140200,1400000US24510140200,24510140200,1402.0,CT,395229,0
296,24,005,403801,1400000US24005403801,24005403801,4038.01,CT,11255974,11854
297,24,005,408601,1400000US24005408601,24005408601,4086.01,CT,2473658,0
298,24,005,421000,1400000US24005421000,24005421000,4210.0,CT,395953,0
302,24,003,730800,1400000US24003730800,24003730800,7308.0,CT,7415763,2892838
303,24,005,400702,1400000US24005400702,24005400702,4007.02,CT,702073,0
305,24,005,492101,1400000US24005492101,24005492101,4921.01,CT,1432402,0
308,24,031,700715,1400000US24031700715,24031700715,7007.15,CT,2364440,4884
309,24,031,701202,1400000US24031701202,24031701202,7012.02,CT,1854949,6759
312,24,510,230200,1400000US24510230200,24510230200,2302.0,CT,217596,0
313,24,510,260403,1400000US24510260403,24510260403,2604.03,CT,1706884,0
316,24,031,701505,1400000US24031701505,24031701505,7015.05,CT,3340980,1699
317,24,031,703219,1400000US24031703219,24031703219,7032.19,CT,919549,16143
320,24,031,701315,1400000US24031701315,24031701315,7013.15,CT,2627532,13900
321,24,003,730505,1400000US24003730505,24003730505,7305.05,CT,1156582,0
323,24,031,700309,1400000US24031700309,24031700309,7003.09,CT,2323593,11098
324,24,031,704502,1400000US24031704502,24031704502,7045.02,CT,2113863,0
325,24,510,100200,1400000US24510100200,24510100200,1002.0,CT,304692,0
326,24,005,401101,1400000US24005401101,24005401101,4011.01,CT,2929638,0
328,24,005,451900,1400000US24005451900,24005451900,4519.0,CT,13435184,94587704
329,24,005,452400,1400000US24005452400,24005452400,4524.0,CT,12349390,4773883
350,24,003,731105,1400000US24003731105,24003731105,7311.05,CT,2714789,956783
351,24,003,740603,1400000US24003740603,24003740603,7406.03,CT,47672873,124285
366,24,003,731203,1400000US24003731203,24003731203,7312.03,CT,8157743,561139
367,24,003,731310,1400000US24003731310,24003731310,7313.1,CT,2238648,401032
368,24,003,740103,1400000US24003740103,24003740103,7401.03,CT,6054410,0
369,24,003,740303,1400000US24003740303,24003740303,7403.03,CT,4598691,0
370,24,003,740601,1400000US24003740601,24003740601,7406.01,CT,5220910,0
371,24,003,740900,1400000US24003740900,24003740900,7409.0,CT,5374724,0
372,24,003,741000,1400000US24003741000,24003741000,7410.0,CT,16668604,0
374,24,005,408507,1400000US24005408507,24005408507,4085.07,CT,1725399,2405
375,24,005,408602,1400000US24005408602,24005408602,4086.02,CT,1719973,0
376,24,005,408900,1400000US24005408900,24005408900,4089.0,CT,8530322,272253
378,24,005,441000,1400000US24005441000,24005441000,4410.0,CT,1387326,0
379,24,005,450501,1400000US24005450501,24005450501,4505.01,CT,2416136,164249
380,24,003,740701,1400000US24003740701,24003740701,7407.01,CT,2710798,0
381,24,003,730902,1400000US24003730902,24003730902,7309.02,CT,15485050,4956331
382,24,001,500,1400000US24001000500,24001000500,5.0,CT,11451817,157507
383,24,001,700,1400000US24001000700,24001000700,7.0,CT,1844978,0
384,24,001,1300,1400000US24001001300,24001001300,13.0,CT,9705281,304110
385,24,005,440600,1400000US24005440600,24005440600,4406.0,CT,6128746,14443
386,24,003,750201,1400000US24003750201,24003750201,7502.01,CT,3287938,136642
387,24,003,750203,1400000US24003750203,24003750203,7502.03,CT,3039310,4445
388,24,003,750300,1400000US24003750300,24003750300,7503.0,CT,2940756,111041
389,24,003,750803,1400000US24003750803,24003750803,7508.03,CT,2279375,0
390,24,003,750804,1400000US24003750804,24003750804,7508.04,CT,3152950,21763
391,24,005,402503,1400000US24005402503,24005402503,4025.03,CT,4854827,12184
392,24,005,403202,1400000US24005403202,24005403202,4032.02,CT,1165728,0
393,24,005,451000,1400000US24005451000,24005451000,4510.0,CT,13634887,20379426
394,24,005,451402,1400000US24005451402,24005451402,4514.02,CT,2798670,0
395,24,005,451500,1400000US24005451500,24005451500,4515.0,CT,828272,430931
396,24,005,451702,1400000US24005451702,24005451702,4517.02,CT,6993768,2756201
397,24,005,491202,1400000US24005491202,24005491202,4912.02,CT,785410,0
398,24,005,491701,1400000US24005491701,24005491701,4917.01,CT,2988062,0
399,24,005,492102,1400000US24005492102,24005492102,4921.02,CT,944335,0
400,24,005,451801,1400000US24005451801,24005451801,4518.01,CT,10526952,11387742
401,24,005,451803,1400000US24005451803,24005451803,4518.03,CT,3662472,1168179
402,24,003,751103,1400000US24003751103,24003751103,7511.03,CT,3014006,708926
405,24,031,705200,1400000US24031705200,24031705200,7052.0,CT,1841341,1853
406,24,510,80101,1400000US24510080101,24510080101,801.01,CT,2323952,1899
407,24,510,90100,1400000US24510090100,24510090100,901.0,CT,657875,0
408,24,510,90200,1400000US24510090200,24510090200,902.0,CT,1737308,288605
409,24,510,90500,1400000US24510090500,24510090500,905.0,CT,741595,0
410,24,510,90700,1400000US24510090700,24510090700,907.0,CT,435082,0
411,24,510,90800,1400000US24510090800,24510090800,908.0,CT,846053,0
412,24,510,100300,1400000US24510100300,24510100300,1003.0,CT,156309,0
413,24,005,402403,1400000US24005402403,24005402403,4024.03,CT,2046390,73620
414,24,510,130804,1400000US24510130804,24510130804,1308.04,CT,737978,0
415,24,003,701300,1400000US24003701300,24003701300,7013.0,CT,101097579,0
416,24,003,751102,1400000US24003751102,24003751102,7511.02,CT,8345619,951838
420,24,510,120100,1400000US24510120100,24510120100,1201.0,CT,1036127,0
421,24,510,120202,1400000US24510120202,24510120202,1202.02,CT,981794,0
422,24,510,120400,1400000US24510120400,24510120400,1204.0,CT,281026,0
424,24,510,130300,1400000US24510130300,24510130300,1303.0,CT,359731,0
425,24,001,1900,1400000US24001001900,24001001900,19.0,CT,62648889,73800
426,24,001,2100,1400000US24001002100,24001002100,21.0,CT,62539847,62197
427,24,031,703214,1400000US24031703214,24031703214,7032.14,CT,1800887,117
428,24,031,703220,1400000US24031703220,24031703220,7032.2,CT,2318659,16098
429,24,031,703601,1400000US24031703601,24031703601,7036.01,CT,1784347,0
430,24,510,130806,1400000US24510130806,24510130806,1308.06,CT,1406474,707
431,24,510,150701,1400000US24510150701,24510150701,1507.01,CT,858015,117437
432,24,031,700304,1400000US24031700304,24031700304,7003.04,CT,5542653,4349
433,24,031,700310,1400000US24031700310,24031700310,7003.1,CT,2117494,71616
436,24,031,700500,1400000US24031700500,24031700500,7005.0,CT,168899000,12636818
437,24,031,700608,1400000US24031700608,24031700608,7006.08,CT,26724824,3143066
438,24,031,703901,1400000US24031703901,24031703901,7039.01,CT,1436140,5035
439,24,031,704100,1400000US24031704100,24031704100,7041.0,CT,3763537,43805
440,24,031,704700,1400000US24031704700,24031704700,7047.0,CT,2007504,0
441,24,031,705000,1400000US24031705000,24031705000,7050.0,CT,4550200,11079
443,24,031,700610,1400000US24031700610,24031700610,7006.1,CT,4952309,389517
446,24,003,702300,1400000US24003702300,24003702300,7023.0,CT,40671366,993113
447,24,003,706101,1400000US24003706101,24003706101,7061.01,CT,1216538,249211
448,24,003,707001,1400000US24003707001,24003707001,7070.01,CT,27587707,9440295
449,24,003,730203,1400000US24003730203,24003730203,7302.03,CT,2276648,122415
450,24,003,730300,1400000US24003730300,24003730300,7303.0,CT,2052530,31840
451,24,003,730502,1400000US24003730502,24003730502,7305.02,CT,3947154,0
452,24,003,730700,1400000US24003730700,24003730700,7307.0,CT,6879461,4554617
453,24,031,700312,1400000US24031700312,24031700312,7003.12,CT,58142037,2142524
455,24,005,403402,1400000US24005403402,24005403402,4034.02,CT,3585771,35807
463,24,031,703208,1400000US24031703208,24031703208,7032.08,CT,3910519,56749
464,24,031,703212,1400000US24031703212,24031703212,7032.12,CT,5820157,75436
465,24,005,403601,1400000US24005403601,24005403601,4036.01,CT,2749139,2126
466,24,005,403702,1400000US24005403702,24005403702,4037.02,CT,6327946,4978
467,24,005,404404,1400000US24005404404,24005404404,4044.04,CT,4208983,11731
468,24,005,404900,1400000US24005404900,24005404900,4049.0,CT,25940391,126693
469,24,005,408100,1400000US24005408100,24005408100,4081.0,CT,25976616,296531
470,24,009,860200,1400000US24009860200,24009860200,8602.0,CT,46452683,1604885
471,24,009,860402,1400000US24009860402,24009860402,8604.02,CT,10639857,3333429
472,24,005,406000,1400000US24005406000,24005406000,4060.0,CT,93361156,2411947
473,24,005,411101,1400000US24005411101,24005411101,4111.01,CT,21198342,211102
474,24,005,411404,1400000US24005411404,24005411404,4114.04,CT,3578666,2398
475,24,005,411407,1400000US24005411407,24005411407,4114.07,CT,2798953,3956
476,24,005,420701,1400000US24005420701,24005420701,4207.01,CT,1734294,0
477,24,005,420900,1400000US24005420900,24005420900,4209.0,CT,1034833,0
478,24,005,421300,1400000US24005421300,24005421300,4213.0,CT,1990525,4529181
479,24,005,430400,1400000US24005430400,24005430400,4304.0,CT,7200660,1892
480,24,005,440300,1400000US24005440300,24005440300,4403.0,CT,1228553,0
481,24,001,1600,1400000US24001001600,24001001600,16.0,CT,19366810,7772
482,24,009,860702,1400000US24009860702,24009860702,8607.02,CT,24427034,81688
483,24,009,860801,1400000US24009860801,24009860801,8608.01,CT,79231079,21662840
486,24,031,702602,1400000US24031702602,24031702602,7026.02,CT,484669,0
487,24,005,980000,1400000US24005980000,24005980000,9800.0,CT,12380089,14838804
489,24,031,702500,1400000US24031702500,24031702500,7025.0,CT,1123760,0
490,24,003,751200,1400000US24003751200,24003751200,7512.0,CT,24802510,95429
491,24,003,980000,1400000US24003980000,24003980000,9800.0,CT,13237773,1056
492,24,005,401200,1400000US24005401200,24005401200,4012.0,CT,1955197,0
493,24,005,401504,1400000US24005401504,24005401504,4015.04,CT,5680856,36704
494,24,005,402306,1400000US24005402306,24005402306,4023.06,CT,1249025,0
495,24,005,452500,1400000US24005452500,24005452500,4525.0,CT,1431222,313538
496,24,005,490100,1400000US24005490100,24005490100,4901.0,CT,14543077,1040143
497,24,005,490400,1400000US24005490400,24005490400,4904.0,CT,5799184,247270
498,24,005,490500,1400000US24005490500,24005490500,4905.0,CT,6569594,98138
499,24,005,490800,1400000US24005490800,24005490800,4908.0,CT,1455993,0
501,24,031,700207,1400000US24031700207,24031700207,7002.07,CT,5690429,3869
509,24,031,705701,1400000US24031705701,24031705701,7057.01,CT,1918394,0
510,24,031,705702,1400000US24031705702,24031705702,7057.02,CT,2477694,125630
511,24,031,705901,1400000US24031705901,24031705901,7059.01,CT,5092772,23248
512,24,031,706007,1400000US24031706007,24031706007,7060.07,CT,12808736,87675
513,24,031,706008,1400000US24031706008,24031706008,7060.08,CT,19312090,3943927
514,24,031,706009,1400000US24031706009,24031706009,7060.09,CT,11725917,92064
515,24,031,706013,1400000US24031706013,24031706013,7060.13,CT,4118735,36841
520,24,510,210100,1400000US24510210100,24510210100,2101.0,CT,1288090,192279
521,24,510,230300,1400000US24510230300,24510230300,2303.0,CT,1312475,711520
522,24,510,250301,1400000US24510250301,24510250301,2503.01,CT,1890115,311271
523,24,510,250402,1400000US24510250402,24510250402,2504.02,CT,702436,0
524,24,510,270902,1400000US24510270902,24510270902,2709.02,CT,1132898,0
525,24,510,271002,1400000US24510271002,24510271002,2710.02,CT,955654,0
526,24,510,271801,1400000US24510271801,24510271801,2718.01,CT,557962,0
527,24,510,272005,1400000US24510272005,24510272005,2720.05,CT,927829,0
528,24,510,280401,1400000US24510280401,24510280401,2804.01,CT,1645634,0
529,24,031,701317,1400000US24031701317,24031701317,7013.17,CT,35633684,1616386
530,24,031,701408,1400000US24031701408,24031701408,7014.08,CT,25437580,825663
531,24,031,701414,1400000US24031701414,24031701414,7014.14,CT,5778267,32288
546,24,510,261100,1400000US24510261100,24510261100,2611.0,CT,219781,0
547,24,510,270302,1400000US24510270302,24510270302,2703.02,CT,519259,0
548,24,510,270600,1400000US24510270600,24510270600,2706.0,CT,1553849,0
549,24,510,270805,1400000US24510270805,24510270805,2708.05,CT,1248265,0
565,24,510,60400,1400000US24510060400,24510060400,604.0,CT,430130,0
566,24,510,70300,1400000US24510070300,24510070300,703.0,CT,228689,0
571,24,510,260605,1400000US24510260605,24510260605,2606.05,CT,10010097,7154314
572,24,031,700613,1400000US24031700613,24031700613,7006.13,CT,12605187,86476
573,24,031,700614,1400000US24031700614,24031700614,7006.14,CT,2315989,22363
574,24,031,700616,1400000US24031700616,24031700616,7006.16,CT,2901119,16380
575,24,031,700710,1400000US24031700710,24031700710,7007.1,CT,3273378,1849
586,24,510,150900,1400000US24510150900,24510150900,1509.0,CT,1447256,1171
587,24,510,151100,1400000US24510151100,24510151100,1511.0,CT,1698800,0
588,24,510,160801,1400000US24510160801,24510160801,1608.01,CT,389703,0
589,24,510,170200,1400000US24510170200,24510170200,1702.0,CT,494006,0
590,24,510,190300,1400000US24510190300,24510190300,1903.0,CT,375717,0
591,24,510,200300,1400000US24510200300,24510200300,2003.0,CT,238680,0
592,24,510,260201,1400000US24510260201,24510260201,2602.01,CT,1635881,0
593,24,510,260303,1400000US24510260303,24510260303,2603.03,CT,1218969,0
595,24,031,701306,1400000US24031701306,24031701306,7013.06,CT,4710046,25873
599,24,031,701213,1400000US24031701213,24031701213,7012.13,CT,1907011,10789
601,24,031,701211,1400000US24031701211,24031701211,7012.11,CT,6561967,11619
605,24,031,700711,1400000US24031700711,24031700711,7007.11,CT,4552519,41382
606,24,031,700719,1400000US24031700719,24031700719,7007.19,CT,1381634,271
607,24,031,700724,1400000US24031700724,24031700724,7007.24,CT,822946,0
608,24,031,700815,1400000US24031700815,24031700815,7008.15,CT,2741895,653
609,24,031,700817,1400000US24031700817,24031700817,7008.17,CT,3805392,34355
610,24,031,700830,1400000US24031700830,24031700830,7008.3,CT,1755541,224
611,24,031,700834,1400000US24031700834,24031700834,7008.34,CT,1416593,3805
612,24,031,700901,1400000US24031700901,24031700901,7009.01,CT,1695987,0
613,24,031,701001,1400000US24031701001,24031701001,7010.01,CT,5113875,19891
614,24,031,701205,1400000US24031701205,24031701205,7012.05,CT,6792603,16575
625,24,031,701506,1400000US24031701506,24031701506,7015.06,CT,6051183,5209
626,24,031,701508,1400000US24031701508,24031701508,7015.08,CT,915141,389
627,24,031,702000,1400000US24031702000,24031702000,7020.0,CT,980655,0
628,24,031,702200,1400000US24031702200,24031702200,7022.0,CT,1657149,0
635,24,031,703402,1400000US24031703402,24031703402,7034.02,CT,1265664,0
636,24,510,90400,1400000US24510090400,24510090400,904.0,CT,352240,0
637,24,510,270802,1400000US24510270802,24510270802,2708.02,CT,1099564,0
639,24,510,150702,1400000US24510150702,24510150702,1507.02,CT,391519,0
640,24,510,150800,1400000US24510150800,24510150800,1508.0,CT,1089494,0
641,24,510,151000,1400000US24510151000,24510151000,1510.0,CT,1484010,0
642,24,510,160200,1400000US24510160200,24510160200,1602.0,CT,374068,0
643,24,510,160500,1400000US24510160500,24510160500,1605.0,CT,1036560,0
644,24,510,160700,1400000US24510160700,24510160700,1607.0,CT,953875,14242
645,24,510,160802,1400000US24510160802,24510160802,1608.02,CT,1226587,0
646,24,510,180300,1400000US24510180300,24510180300,1803.0,CT,289563,0
647,24,510,190200,1400000US24510190200,24510190200,1902.0,CT,282075,0
652,24,510,270903,1400000US24510270903,24510270903,2709.03,CT,1089334,0
653,24,510,271101,1400000US24510271101,24510271101,2711.01,CT,1011783,0
654,24,510,271200,1400000US24510271200,24510271200,2712.0,CT,3599462,933
655,24,510,271501,1400000US24510271501,24510271501,2715.01,CT,3628340,18282
656,24,510,200400,1400000US24510200400,24510200400,2004.0,CT,387906,0
658,24,510,60300,1400000US24510060300,24510060300,603.0,CT,187108,0
662,24,510,260404,1400000US24510260404,24510260404,2604.04,CT,4467270,0
668,24,510,260301,1400000US24510260301,24510260301,2603.01,CT,607369,0
669,24,510,260302,1400000US24510260302,24510260302,2603.02,CT,896758,0
677,24,510,280102,1400000US24510280102,24510280102,2801.02,CT,3498687,0
678,24,510,280402,1400000US24510280402,24510280402,2804.02,CT,561712,0
691,24,510,280404,1400000US24510280404,24510280404,2804.04,CT,848958,0
692,24,510,280500,1400000US24510280500,24510280500,2805.0,CT,923305,0
693,24,009,860701,1400000US24009860701,24009860701,8607.01,CT,32466765,5477678
694,24,009,860802,1400000US24009860802,24009860802,8608.02,CT,31290834,4702682
696,24,031,704501,1400000US24031704501,24031704501,7045.01,CT,2210849,404
697,24,031,704503,1400000US24031704503,24031704503,7045.03,CT,1663672,0
698,24,031,704600,1400000US24031704600,24031704600,7046.0,CT,1899130,0
699,24,031,704806,1400000US24031704806,24031704806,7048.06,CT,429295,0
700,24,031,705300,1400000US24031705300,24031705300,7053.0,CT,1055685,0
706,24,005,402201,1400000US24005402201,24005402201,4022.01,CT,39090501,3389119
720,24,510,70100,1400000US24510070100,24510070100,701.0,CT,290634,0
721,24,510,70200,1400000US24510070200,24510070200,702.0,CT,311145,0
722,24,510,80200,1400000US24510080200,24510080200,802.0,CT,856268,0
723,24,510,80500,1400000US24510080500,24510080500,805.0,CT,348376,0
729,24,031,704200,1400000US24031704200,24031704200,7042.0,CT,1235480,0
730,24,031,705602,1400000US24031705602,24031705602,7056.02,CT,539243,0
736,24,009,860300,1400000US24009860300,24009860300,8603.0,CT,38449861,601558
737,24,003,730901,1400000US24003730901,24003730901,7309.01,CT,9123856,4281825
738,24,003,731004,1400000US24003731004,24003731004,7310.04,CT,1880854,103854
739,24,003,731102,1400000US24003731102,24003731102,7311.02,CT,7249275,2585443
740,24,031,702800,1400000US24031702800,24031702800,7028.0,CT,1675532,0
741,24,031,703201,1400000US24031703201,24031703201,7032.01,CT,4257521,21259
747,24,510,271802,1400000US24510271802,24510271802,2718.02,CT,530270,0
748,24,510,271900,1400000US24510271900,24510271900,2719.0,CT,1398985,0
749,24,510,272004,1400000US24510272004,24510272004,2720.04,CT,708924,0
750,24,510,280101,1400000US24510280101,24510280101,2801.01,CT,1408316,0
764,24,005,407002,1400000US24005407002,24005407002,4070.02,CT,97179377,185574
767,24,510,10500,1400000US24510010500,24510010500,105.0,CT,155243,0
768,24,510,20300,1400000US24510020300,24510020300,203.0,CT,662772,384066
769,24,510,40200,1400000US24510040200,24510040200,402.0,CT,435698,0
770,24,009,860401,1400000US24009860401,24009860401,8604.01,CT,17528242,1805999
771,24,009,860501,1400000US24009860501,24009860501,8605.01,CT,38986292,108084
774,24,001,400,1400000US24001000400,24001000400,4.0,CT,9642972,61044
775,24,001,600,1400000US24001000600,24001000600,6.0,CT,4098568,70648
776,24,001,1000,1400000US24001001000,24001001000,10.0,CT,1178741,2863
777,24,001,1200,1400000US24001001200,24001001200,12.0,CT,7227222,224135
782,24,005,401503,1400000US24005401503,24005401503,4015.03,CT,6460970,103129
783,24,003,701200,1400000US24003701200,24003701200,7012.0,CT,14558653,7490690
784,24,003,740304,1400000US24003740304,24003740304,7403.04,CT,6491632,0
785,24,003,740400,1400000US24003740400,24003740400,7404.0,CT,2705357,0
786,24,003,740602,1400000US24003740602,24003740602,7406.02,CT,4307376,0
787,24,003,751500,1400000US24003751500,24003751500,7515.0,CT,12765160,0
788,24,005,451100,1400000US24005451100,24005451100,4511.0,CT,2656260,1428689
789,24,005,451200,1400000US24005451200,24005451200,4512.0,CT,5036178,2805
790,24,005,490605,1400000US24005490605,24005490605,4906.05,CT,2186764,1315
791,24,005,490900,1400000US24005490900,24005490900,4909.0,CT,1509362,0
797,24,009,860600,1400000US24009860600,24009860600,8606.0,CT,54746500,4638019
798,24,005,491201,1400000US24005491201,24005491201,4912.01,CT,1692965,0
807,24,005,491401,1400000US24005491401,24005491401,4914.01,CT,1204562,0
808,24,005,491500,1400000US24005491500,24005491500,4915.0,CT,1128581,0
809,24,005,491900,1400000US24005491900,24005491900,4919.0,CT,1444645,0
810,24,005,492002,1400000US24005492002,24005492002,4920.02,CT,1563411,0
811,24,005,492200,1400000US24005492200,24005492200,4922.0,CT,2759032,0
812,24,005,492401,1400000US24005492401,24005492401,4924.01,CT,1600171,9405
813,24,005,492402,1400000US24005492402,24005492402,4924.02,CT,3193883,9333
814,24,005,980100,1400000US24005980100,24005980100,9801.0,CT,1533531,214250
816,24,005,440400,1400000US24005440400,24005440400,4404.0,CT,2672650,0
817,24,005,404600,1400000US24005404600,24005404600,4046.0,CT,63324911,155755
822,24,031,700717,1400000US24031700717,24031700717,7007.17,CT,2828098,12048
823,24,031,700720,1400000US24031700720,24031700720,7007.2,CT,1525080,5419
824,24,031,700722,1400000US24031700722,24031700722,7007.22,CT,2630346,13616
825,24,031,700810,1400000US24031700810,24031700810,7008.1,CT,3522159,57771
826,24,031,700812,1400000US24031700812,24031700812,7008.12,CT,1737183,15188
827,24,031,700818,1400000US24031700818,24031700818,7008.18,CT,2219780,47308
828,24,510,260700,1400000US24510260700,24510260700,2607.0,CT,757011,0
829,24,510,261000,1400000US24510261000,24510261000,2610.0,CT,310026,0
830,24,510,270401,1400000US24510270401,24510270401,2704.01,CT,1457278,0
831,24,510,270402,1400000US24510270402,24510270402,2704.02,CT,1201223,0
832,24,510,270502,1400000US24510270502,24510270502,2705.02,CT,1539775,0
833,24,510,270801,1400000US24510270801,24510270801,2708.01,CT,808306,0
835,24,005,440500,1400000US24005440500,24005440500,4405.0,CT,2982316,0
836,24,005,440900,1400000US24005440900,24005440900,4409.0,CT,1926277,0
837,24,005,441101,1400000US24005441101,24005441101,4411.01,CT,1530290,0
838,24,005,450100,1400000US24005450100,24005450100,4501.0,CT,9127546,639222
839,24,005,450200,1400000US24005450200,24005450200,4502.0,CT,2046187,260687
840,24,005,450504,1400000US24005450504,24005450504,4505.04,CT,1162828,0
841,24,005,450900,1400000US24005450900,24005450900,4509.0,CT,5213302,2922165
842,24,005,408304,1400000US24005408304,24005408304,4083.04,CT,16647606,23034
843,24,005,408502,1400000US24005408502,24005408502,4085.02,CT,13032957,2797121
844,24,003,740201,1400000US24003740201,24003740201,7402.01,CT,5319758,0
846,24,031,700208,1400000US24031700208,24031700208,7002.08,CT,13718151,28080
847,24,005,408506,1400000US24005408506,24005408506,4085.06,CT,1883649,0
853,24,009,860101,1400000US24009860101,24009860101,8601.01,CT,18848706,2079220
859,24,510,250205,1400000US24510250205,24510250205,2502.05,CT,2316099,14427
860,24,510,250303,1400000US24510250303,24510250303,2503.03,CT,1004607,30795
861,24,510,250401,1400000US24510250401,24510250401,2504.01,CT,1181295,31347
862,24,510,250500,1400000US24510250500,24510250500,2505.0,CT,8571196,4070107
863,24,510,260202,1400000US24510260202,24510260202,2602.02,CT,1019290,1618
866,24,005,401301,1400000US24005401301,24005401301,4013.01,CT,1155827,0
867,24,005,401400,1400000US24005401400,24005401400,4014.0,CT,2789320,82236
873,24,003,731104,1400000US24003731104,24003731104,7311.04,CT,2466519,675384
874,24,003,731202,1400000US24003731202,24003731202,7312.02,CT,16663482,8994694
875,24,003,731204,1400000US24003731204,24003731204,7312.04,CT,11127296,144824
876,24,003,731309,1400000US24003731309,24003731309,7313.09,CT,2648320,608142
877,24,003,731311,1400000US24003731311,24003731311,7313.11,CT,3799391,168417
878,24,003,740102,1400000US24003740102,24003740102,7401.02,CT,18509704,0
883,24,003,751700,1400000US24003751700,24003751700,7517.0,CT,27736170,0
884,24,005,400500,1400000US24005400500,24005400500,4005.0,CT,5796998,0
885,24,005,401102,1400000US24005401102,24005401102,4011.02,CT,3464317,0
898,24,510,210200,1400000US24510210200,24510210200,2102.0,CT,2335519,12265
899,24,510,240100,1400000US24510240100,24510240100,2401.0,CT,1882249,2352887
900,24,510,240200,1400000US24510240200,24510240200,2402.0,CT,434072,312934
901,24,510,240400,1400000US24510240400,24510240400,2404.0,CT,1205004,965344
902,24,510,250103,1400000US24510250103,24510250103,2501.03,CT,2587957,0
921,24,510,200600,1400000US24510200600,24510200600,2006.0,CT,1770698,30330
922,24,510,200800,1400000US24510200800,24510200800,2008.0,CT,1067262,0
923,24,031,701507,1400000US24031701507,24031701507,7015.07,CT,5547371,6208
924,24,031,701509,1400000US24031701509,24031701509,7015.09,CT,4085040,0
925,24,031,701701,1400000US24031701701,24031701701,7017.01,CT,913040,1381
926,24,031,701703,1400000US24031701703,24031701703,7017.03,CT,1102887,0
927,24,031,701704,1400000US24031701704,24031701704,7017.04,CT,1287357,7973
928,24,031,702102,1400000US24031702102,24031702102,7021.02,CT,1622764,26311
929,24,031,702301,1400000US24031702301,24031702301,7023.01,CT,608161,0
930,24,031,702401,1400000US24031702401,24031702401,7024.01,CT,942462,0
931,24,031,702700,1400000US24031702700,24031702700,7027.0,CT,3453512,49346
932,24,031,703202,1400000US24031703202,24031703202,7032.02,CT,4115187,15454
933,24,031,703209,1400000US24031703209,24031703209,7032.09,CT,1784909,1925
934,24,031,703210,1400000US24031703210,24031703210,7032.1,CT,1259002,15217
939,24,510,130400,1400000US24510130400,24510130400,1304.0,CT,2612954,203955
940,24,510,130805,1400000US24510130805,24510130805,1308.05,CT,1632325,6396
941,24,510,140100,1400000US24510140100,24510140100,1401.0,CT,566966,0
942,24,510,150100,1400000US24510150100,24510150100,1501.0,CT,369345,0
944,24,031,703215,1400000US24031703215,24031703215,7032.15,CT,1430222,0
945,24,031,703216,1400000US24031703216,24031703216,7032.16,CT,1313833,568
946,24,031,703221,1400000US24031703221,24031703221,7032.21,CT,4322196,12973
947,24,031,703401,1400000US24031703401,24031703401,7034.01,CT,1780786,139
948,24,031,703404,1400000US24031703404,24031703404,7034.04,CT,572813,0
949,24,031,703701,1400000US24031703701,24031703701,7037.01,CT,1186279,0
950,24,031,703800,1400000US24031703800,24031703800,7038.0,CT,1215015,210
951,24,031,704000,1400000US24031704000,24031704000,7040.0,CT,2246292,181
953,24,510,150600,1400000US24510150600,24510150600,1506.0,CT,959035,0
960,24,031,701002,1400000US24031701002,24031701002,7010.02,CT,2721138,0
961,24,031,701006,1400000US24031701006,24031701006,7010.06,CT,4443121,44179
962,24,031,701101,1400000US24031701101,24031701101,7011.01,CT,2327631,0
963,24,031,700103,1400000US24031700103,24031700103,7001.03,CT,70188459,385589
964,24,031,701212,1400000US24031701212,24031701212,7012.12,CT,9958364,463599
965,24,031,701221,1400000US24031701221,24031701221,7012.21,CT,2748012,6386
966,24,031,701304,1400000US24031701304,24031701304,7013.04,CT,7446124,13790
967,24,031,701308,1400000US24031701308,24031701308,7013.08,CT,13694087,46217
968,24,031,701409,1400000US24031701409,24031701409,7014.09,CT,6575300,8155
969,24,031,701415,1400000US24031701415,24031701415,7014.15,CT,7108532,18365
970,24,031,701422,1400000US24031701422,24031701422,7014.22,CT,320021,0
971,24,031,701503,1400000US24031701503,24031701503,7015.03,CT,4487396,2724
972,24,031,701316,1400000US24031701316,24031701316,7013.16,CT,25026061,118423
973,24,031,700101,1400000US24031700101,24031700101,7001.01,CT,29747631,98360
974,24,031,701206,1400000US24031701206,24031701206,7012.06,CT,4932985,7724
975,24,031,701210,1400000US24031701210,24031701210,7012.1,CT,2571969,21771
976,24,005,404800,1400000US24005404800,24005404800,4048.0,CT,22400568,1207650
977,24,005,405000,1400000US24005405000,24005405000,4050.0,CT,121047956,3164584
978,24,005,407001,1400000US24005407001,24005407001,4070.01,CT,49878727,238212
979,24,005,411408,1400000US24005411408,24005411408,4114.08,CT,1558966,0
980,24,005,430600,1400000US24005430600,24005430600,4306.0,CT,4677402,2437
982,24,005,440200,1400000US24005440200,24005440200,4402.0,CT,1878495,0
983,24,031,700824,1400000US24031700824,24031700824,7008.24,CT,904086,49791
984,24,031,700829,1400000US24031700829,24031700829,7008.29,CT,3883057,64073
985,24,031,700832,1400000US24031700832,24031700832,7008.32,CT,1330194,10572
986,24,031,700833,1400000US24031700833,24031700833,7008.33,CT,2346887,16514
987,24,031,700902,1400000US24031700902,24031700902,7009.02,CT,1722615,0
988,24,031,700905,1400000US24031700905,24031700905,7009.05,CT,813149,0
991,24,005,430300,1400000US24005430300,24005430300,4303.0,CT,2133865,65773
993,24,005,402307,1400000US24005402307,24005402307,4023.07,CT,2229516,5914
994,24,005,402405,1400000US24005402405,24005402405,4024.05,CT,1412619,0
995,24,005,402504,1400000US24005402504,24005402504,4025.04,CT,7960312,12490
996,24,005,402509,1400000US24005402509,24005402509,4025.09,CT,3670270,18183
999,24,031,700308,1400000US24031700308,24031700308,7003.08,CT,2470151,344
1002,24,005,411409,1400000US24005411409,24005411409,4114.09,CT,2747528,0
1003,24,005,420401,1400000US24005420401,24005420401,4204.01,CT,951863,288303
1004,24,005,420402,1400000US24005420402,24005420402,4204.02,CT,633728,220639
1005,24,005,420702,1400000US24005420702,24005420702,4207.02,CT,643330,0
1006,24,031,700205,1400000US24031700205,24031700205,7002.05,CT,23416514,57496
1007,24,031,700819,1400000US24031700819,24031700819,7008.19,CT,2236431,48124
1008,24,005,421102,1400000US24005421102,24005421102,4211.02,CT,2132646,147542
1009,24,005,421200,1400000US24005421200,24005421200,4212.0,CT,903700,402664
1010,24,005,402603,1400000US24005402603,24005402603,4026.03,CT,6057010,35561
1011,24,005,403300,1400000US24005403300,24005403300,4033.0,CT,1721044,4597
1012,24,005,403401,1400000US24005403401,24005403401,4034.01,CT,1813726,0
1013,24,005,403500,1400000US24005403500,24005403500,4035.0,CT,3127264,0
1014,24,005,403701,1400000US24005403701,24005403701,4037.01,CT,11343251,17044
1015,24,005,403803,1400000US24005403803,24005403803,4038.03,CT,5771917,4312
1016,24,005,404101,1400000US24005404101,24005404101,4041.01,CT,12749605,99020
1017,24,005,404402,1400000US24005404402,24005404402,4044.02,CT,10872306,9755
1018,24,005,404403,1400000US24005404403,24005404403,4044.03,CT,2302034,0
1022,24,001,1503,1400000US24001001503,24001001503,15.03,CT,29897893,10162
1023,24,001,1700,1400000US24001001700,24001001700,17.0,CT,32782302,26908
1024,24,003,701101,1400000US24003701101,24003701101,7011.01,CT,7332047,1191220
1030,24,009,860900,1400000US24009860900,24009860900,8609.0,CT,40211345,14669440
1031,24,005,410100,1400000US24005410100,24005410100,4101.0,CT,93682281,1707231
1032,24,005,411102,1400000US24005411102,24005411102,4111.02,CT,24715294,541504
1033,24,005,411302,1400000US24005411302,24005411302,4113.02,CT,18330206,2329970
1034,24,005,411406,1400000US24005411406,24005411406,4114.06,CT,5915961,3370
1035,24,005,408702,1400000US24005408702,24005408702,4087.02,CT,2214258,0
1036,24,005,408703,1400000US24005408703,24005408703,4087.03,CT,3916161,6600
1037,24,005,408800,1400000US24005408800,24005408800,4088.0,CT,2937651,0
1038,24,009,861003,1400000US24009861003,24009861003,8610.03,CT,10852475,5947743
1041,24,003,707002,1400000US24003707002,24003707002,7070.02,CT,10978833,3896639
1042,24,003,708004,1400000US24003708004,24003708004,7080.04,CT,68376385,1420872
1043,24,003,730100,1400000US24003730100,24003730100,7301.0,CT,23954156,4971007
1044,24,003,730504,1400000US24003730504,24003730504,7305.04,CT,4262538,0
1045,24,003,730506,1400000US24003730506,24003730506,7305.06,CT,1280156,0
1046,24,003,730601,1400000US24003730601,24003730601,7306.01,CT,7663895,453014
1047,24,003,730604,1400000US24003730604,24003730604,7306.04,CT,7212312,270539
1054,24,003,706402,1400000US24003706402,24003706402,7064.02,CT,1113220,149220
1057,24,003,706700,1400000US24003706700,24003706700,7067.0,CT,1394269,936996
1058,24,003,702100,1400000US24003702100,24003702100,7021.0,CT,22552037,4706533
1059,24,003,702205,1400000US24003702205,24003702205,7022.05,CT,4646348,0
1060,24,003,702402,1400000US24003702402,24003702402,7024.02,CT,12298615,1106722
1061,24,003,702602,1400000US24003702602,24003702602,7026.02,CT,8028780,5343884
1062,24,003,702702,1400000US24003702702,24003702702,7027.02,CT,13392247,3831500
1070,24,003,706301,1400000US24003706301,24003706301,7063.01,CT,2177519,919027
1071,24,510,250600,1400000US24510250600,24510250600,2506.0,CT,5673862,9589221
1072,24,510,260402,1400000US24510260402,24510260402,2604.02,CT,1338498,0
1073,24,510,270703,1400000US24510270703,24510270703,2707.03,CT,993947,0
1074,24,510,271102,1400000US24510271102,24510271102,2711.02,CT,1227625,29218
1075,24,510,80400,1400000US24510080400,24510080400,804.0,CT,250976,0
1076,24,510,90300,1400000US24510090300,24510090300,903.0,CT,794362,0
1077,24,510,90900,1400000US24510090900,24510090900,909.0,CT,686864,0
1078,24,510,120300,1400000US24510120300,24510120300,1203.0,CT,403945,0
1079,24,510,130600,1400000US24510130600,24510130600,1306.0,CT,872125,3815
1080,24,510,160300,1400000US24510160300,24510160300,1603.0,CT,255076,0
1081,24,510,190100,1400000US24510190100,24510190100,1901.0,CT,383127,0
1082,24,510,250102,1400000US24510250102,24510250102,2501.02,CT,737636,0
1083,24,510,272003,1400000US24510272003,24510272003,2720.03,CT,1934716,0
1094,24,001,200,1400000US24001000200,24001000200,2.0,CT,124508286,3080200
1099,24,031,700204,1400000US24031700204,24031700204,7002.04,CT,37496214,107213
1104,24,031,700311,1400000US24031700311,24031700311,7003.11,CT,11262195,20597
1106,24,005,408400,1400000US24005408400,24005408400,4084.0,CT,9960322,67816
1107,24,005,411307,1400000US24005411307,24005411307,4113.07,CT,1791499,1430
1108,24,005,420200,1400000US24005420200,24005420200,4202.0,CT,1737270,582497
1109,24,005,440100,1400000US24005440100,24005440100,4401.0,CT,2068706,0
1110,24,005,441102,1400000US24005441102,24005441102,4411.02,CT,2591921,0
1111,24,005,451300,1400000US24005451300,24005451300,4513.0,CT,2136243,12601
1112,24,005,451600,1400000US24005451600,24005451600,4516.0,CT,5423664,1396927
1114,24,005,403802,1400000US24005403802,24005403802,4038.02,CT,9661874,20705
1115,24,005,404502,1400000US24005404502,24005404502,4045.02,CT,1093930,0
1123,24,510,120600,1400000US24510120600,24510120600,1206.0,CT,504968,0
1125,24,031,701410,1400000US24031701410,24031701410,7014.1,CT,9497418,302086
1126,24,005,402407,1400000US24005402407,24005402407,4024.07,CT,6486684,4406
1127,24,005,410200,1400000US24005410200,24005410200,4102.0,CT,33646881,2093363
1128,24,031,700903,1400000US24031700903,24031700903,7009.03,CT,3837935,10790
1129,24,003,731306,1400000US24003731306,24003731306,7313.06,CT,16003223,9012315
1131,24,031,701220,1400000US24031701220,24031701220,7012.2,CT,5873383,24353
1132,24,510,270301,1400000US24510270301,24510270301,2703.01,CT,1138586,0
1133,24,510,270804,1400000US24510270804,24510270804,2708.04,CT,721489,0
1134,24,510,271600,1400000US24510271600,24510271600,2716.0,CT,850296,0
1136,24,510,200701,1400000US24510200701,24510200701,2007.01,CT,1203683,0
1137,24,510,170100,1400000US24510170100,24510170100,1701.0,CT,282140,0
1138,24,510,200200,1400000US24510200200,24510200200,2002.0,CT,925146,0
1139,24,510,250204,1400000US24510250204,24510250204,2502.04,CT,861732,0
1140,24,510,260101,1400000US24510260101,24510260101,2601.01,CT,1635743,0
1143,24,031,700826,1400000US24031700826,24031700826,7008.26,CT,1987196,97890
1144,24,031,704401,1400000US24031704401,24031704401,7044.01,CT,2268983,2057
1145,24,031,705100,1400000US24031705100,24031705100,7051.0,CT,3420181,6819
1149,24,001,2200,1400000US24001002200,24001002200,22.0,CT,60203797,1056377
1164,24,510,30100,1400000US24510030100,24510030100,301.0,CT,427650,0
1165,24,510,90600,1400000US24510090600,24510090600,906.0,CT,397270,0
1169,24,510,271400,1400000US24510271400,24510271400,2714.0,CT,1723810,0
1170,24,510,110100,1400000US24510110100,24510110100,1101.0,CT,313923,0
1171,24,510,120700,1400000US24510120700,24510120700,1207.0,CT,1050295,9367
1172,24,510,160600,1400000US24510160600,24510160600,1606.0,CT,558111,0
1173,24,510,200500,1400000US24510200500,24510200500,2005.0,CT,671226,0
1187,24,510,60200,1400000US24510060200,24510060200,602.0,CT,257736,0
1189,24,510,270501,1400000US24510270501,24510270501,2705.01,CT,2319872,2012
1190,24,510,260501,1400000US24510260501,24510260501,2605.01,CT,3217254,3813
1191,24,031,702601,1400000US24031702601,24031702601,7026.01,CT,345710,0
1192,24,031,703207,1400000US24031703207,24031703207,7032.07,CT,4006352,15099
1193,24,031,703602,1400000US24031703602,24031703602,7036.02,CT,1162221,783
1202,24,003,701102,1400000US24003701102,24003701102,7011.02,CT,5013101,1605167
1203,24,003,706500,1400000US24003706500,24003706500,7065.0,CT,2868551,54878
1204,24,003,731303,1400000US24003731303,24003731303,7313.03,CT,18296910,19467650
1205,24,003,740800,1400000US24003740800,24003740800,7408.0,CT,20233329,25677
1206,24,510,270701,1400000US24510270701,24510270701,2707.01,CT,387936,0
1211,24,031,701307,1400000US24031701307,24031701307,7013.07,CT,15368768,62182
1212,24,031,701005,1400000US24031701005,24031701005,7010.05,CT,1888661,3692
1217,24,031,701303,1400000US24031701303,24031701303,7013.03,CT,4148547,131882
1218,24,031,701421,1400000US24031701421,24031701421,7014.21,CT,4358581,29220
1219,24,031,703206,1400000US24031703206,24031703206,7032.06,CT,2656766,4563
1220,24,031,703302,1400000US24031703302,24031703302,7033.02,CT,1658961,16785
1221,24,031,704404,1400000US24031704404,24031704404,7044.04,CT,2681817,1576
1222,24,031,700604,1400000US24031700604,24031700604,7006.04,CT,42683072,3175091
1223,24,005,402404,1400000US24005402404,24005402404,4024.04,CT,1694697,0
1224,24,031,700105,1400000US24031700105,24031700105,7001.05,CT,6050382,37068
1225,24,031,705902,1400000US24031705902,24031705902,7059.02,CT,3670156,10972
1226,24,031,706011,1400000US24031706011,24031706011,7060.11,CT,3798914,829
1230,24,031,700716,1400000US24031700716,24031700716,7007.16,CT,2903733,8139
1231,24,510,130700,1400000US24510130700,24510130700,1307.0,CT,1055558,0
1232,24,510,270901,1400000US24510270901,24510270901,2709.01,CT,677441,0
1233,24,510,271300,1400000US24510271300,24510271300,2713.0,CT,2863370,3175
1234,24,005,420301,1400000US24005420301,24005420301,4203.01,CT,551506,45078
1235,24,005,420800,1400000US24005420800,24005420800,4208.0,CT,1778297,0
1237,24,001,1502,1400000US24001001502,24001001502,15.02,CT,23694518,95956
1238,24,003,702701,1400000US24003702701,24003702701,7027.01,CT,4696633,969932
1239,24,003,708001,1400000US24003708001,24003708001,7080.01,CT,43044026,4437882
1240,24,003,731308,1400000US24003731308,24003731308,7313.08,CT,1634461,1215507
1241,24,003,740305,1400000US24003740305,24003740305,7403.05,CT,3483602,0
1242,24,005,491402,1400000US24005491402,24005491402,4914.02,CT,889527,0
1245,24,031,701900,1400000US24031701900,24031701900,7019.0,CT,455312,0
1246,24,003,750102,1400000US24003750102,24003750102,7501.02,CT,785173,13704
1247,24,003,750400,1400000US24003750400,24003750400,7504.0,CT,3235007,0
1248,24,003,750900,1400000US24003750900,24003750900,7509.0,CT,2910023,0
1252,24,003,751600,1400000US24003751600,24003751600,7516.0,CT,20048699,908201
1253,24,005,401506,1400000US24005401506,24005401506,4015.06,CT,3528035,45365
1254,24,005,403100,1400000US24005403100,24005403100,4031.0,CT,1913598,0
1255,24,005,451802,1400000US24005451802,24005451802,4518.02,CT,10942342,22236471
1256,24,005,490301,1400000US24005490301,24005490301,4903.01,CT,2022944,0
1257,24,009,861004,1400000US24009861004,24009861004,8610.04,CT,7523763,2118934
1258,24,003,740702,1400000US24003740702,24003740702,7407.02,CT,28344355,0
1259,24,005,492500,1400000US24005492500,24005492500,4925.0,CT,2638986,5681
1260,24,009,860502,1400000US24009860502,24009860502,8605.02,CT,19645732,5504754
1262,24,510,30200,1400000US24510030200,24510030200,302.0,CT,505084,90487
1263,24,510,70400,1400000US24510070400,24510070400,704.0,CT,326989,0
1264,24,510,130100,1400000US24510130100,24510130100,1301.0,CT,301238,0
1265,24,031,704300,1400000US24031704300,24031704300,7043.0,CT,1969041,44040
1266,24,031,705800,1400000US24031705800,24031705800,7058.0,CT,6783650,2841923
1267,24,031,706005,1400000US24031706005,24031706005,7060.05,CT,10142791,34264
1269,24,031,700713,1400000US24031700713,24031700713,7007.13,CT,1395056,135025
1270,24,031,700823,1400000US24031700823,24031700823,7008.23,CT,1602581,4504
1271,24,031,701201,1400000US24031701201,24031701201,7012.01,CT,2534647,20262
1272,24,031,701216,1400000US24031701216,24031701216,7012.16,CT,1363790,505
1273,24,031,701417,1400000US24031701417,24031701417,7014.17,CT,2124982,501
1277,24,031,700718,1400000US24031700718,24031700718,7007.18,CT,2600237,4305
1279,24,031,701602,1400000US24031701602,24031701602,7016.02,CT,1684145,131
1280,24,031,702302,1400000US24031702302,24031702302,7023.02,CT,1546299,3511
1281,24,031,703100,1400000US24031703100,24031703100,7031.0,CT,1819845,0
1282,24,031,703501,1400000US24031703501,24031703501,7035.01,CT,2206992,82064
1283,24,510,271700,1400000US24510271700,24510271700,2717.0,CT,1734100,0
1284,24,510,280301,1400000US24510280301,24510280301,2803.01,CT,3228556,7610
1286,24,031,700606,1400000US24031700606,24031700606,7006.06,CT,4643234,47191
1287,24,031,700611,1400000US24031700611,24031700611,7006.11,CT,15823454,155673
1288,24,031,700704,1400000US24031700704,24031700704,7007.04,CT,2932284,0
1299,24,005,411309,1400000US24005411309,24005411309,4113.09,CT,9048188,5156
1301,24,510,260102,1400000US24510260102,24510260102,2601.02,CT,1451520,0
1302,24,510,80302,1400000US24510080302,24510080302,803.02,CT,439533,0
1308,24,005,408302,1400000US24005408302,24005408302,4083.02,CT,10923792,31545
1309,24,031,700400,1400000US24031700400,24031700400,7004.0,CT,93095329,359142
1310,24,031,701219,1400000US24031701219,24031701219,7012.19,CT,2250965,1538
1311,24,003,702206,1400000US24003702206,24003702206,7022.06,CT,3573904,0
1312,24,005,401302,1400000US24005401302,24005401302,4013.02,CT,593065,0
1313,24,005,420500,1400000US24005420500,24005420500,4205.0,CT,853505,2622
1315,24,005,411201,1400000US24005411201,24005411201,4112.01,CT,36861058,49963
1319,24,005,420303,1400000US24005420303,24005420303,4203.03,CT,856220,45862
1320,24,005,450300,1400000US24005450300,24005450300,4503.0,CT,2393242,0
1321,24,005,451701,1400000US24005451701,24005451701,4517.01,CT,16176850,253125
1322,24,005,452000,1400000US24005452000,24005452000,4520.0,CT,1571130,478746
1326,24,031,701102,1400000US24031701102,24031701102,7011.02,CT,2068442,0
1327,24,031,701215,1400000US24031701215,24031701215,7012.15,CT,762122,8551
1328,24,009,860703,1400000US24009860703,24009860703,8607.03,CT,39012129,12791722
1332,24,005,408200,1400000US24005408200,24005408200,4082.0,CT,43298151,217664
1333,24,510,250206,1400000US24510250206,24510250206,2502.06,CT,2549601,18103
1334,24,003,731201,1400000US24003731201,24003731201,7312.01,CT,5269683,1322332
1335,24,003,706600,1400000US24003706600,24003706600,7066.0,CT,4048672,728010
1336,24,003,730401,1400000US24003730401,24003730401,7304.01,CT,2205236,0
1338,24,005,411202,1400000US24005411202,24005411202,4112.02,CT,33514308,1121758
1339,24,005,420100,1400000US24005420100,24005420100,4201.0,CT,1640762,0
1340,24,005,430800,1400000US24005430800,24005430800,4308.0,CT,1362702,0
1341,24,005,404501,1400000US24005404501,24005404501,4045.01,CT,3100883,0
1342,24,003,701400,1400000US24003701400,24003701400,7014.0,CT,55124566,7874033
1343,24,003,702601,1400000US24003702601,24003702601,7026.01,CT,6497684,3228040
1348,24,001,2000,1400000US24001002000,24001002000,20.0,CT,69411826,1293068
1352,24,001,1402,1400000US24001001402,24001001402,14.02,CT,2972300,0
1353,24,031,700813,1400000US24031700813,24031700813,7008.13,CT,2467084,26528
1354,24,005,400400,1400000US24005400400,24005400400,4004.0,CT,8966874,7438
1355,24,001,1401,1400000US24001001401,24001001401,14.01,CT,38008752,6788
1356,24,005,402202,1400000US24005402202,24005402202,4022.02,CT,20636669,252189
1357,24,009,861001,1400000US24009861001,24009861001,8610.01,CT,24142637,6001647
1363,24,005,400100,1400000US24005400100,24005400100,4001.0,CT,1874572,9219
1364,24,005,401507,1400000US24005401507,24005401507,4015.07,CT,2715584,0
1366,24,005,402604,1400000US24005402604,24005402604,4026.04,CT,3630362,0
1368,24,031,704804,1400000US24031704804,24031704804,7048.04,CT,345023,0
1369,24,005,440800,1400000US24005440800,24005440800,4408.0,CT,2936111,2985
1370,24,005,450503,1400000US24005450503,24005450503,4505.03,CT,925666,87876
1371,24,005,490603,1400000US24005490603,24005490603,4906.03,CT,1068269,0
1372,24,005,491300,1400000US24005491300,24005491300,4913.0,CT,1902570,0
1373,24,009,860102,1400000US24009860102,24009860102,8601.02,CT,17706194,59343
1378,24,031,705502,1400000US24031705502,24031705502,7055.02,CT,2628717,0
1380,24,003,740104,1400000US24003740104,24003740104,7401.04,CT,4207664,0
1381,24,003,751400,1400000US24003751400,24003751400,7514.0,CT,10907650,0
1384,24,001,800,1400000US24001000800,24001000800,8.0,CT,3271526,408357
1386,24,031,704403,1400000US24031704403,24031704403,7044.03,CT,250465,0
1387,24,510,151300,1400000US24510151300,24510151300,1513.0,CT,927386,0
1388,24,003,740500,1400000US24003740500,24003740500,7405.0,CT,9643464,0
1389,24,005,401505,1400000US24005401505,24005401505,4015.05,CT,2292136,0
1390,24,005,402305,1400000US24005402305,24005402305,4023.05,CT,1610322,0
1391,24,031,701407,1400000US24031701407,24031701407,7014.07,CT,9218841,50959
1392,24,005,491100,1400000US24005491100,24005491100,4911.0,CT,1097271,0
1393,24,005,980200,1400000US24005980200,24005980200,9802.0,CT,2100509,248474
