,NAME,DP05_0001E-T Popo,DP02_0001E-T HHs,DP02_0002E-T Fam HHs,DP02_0008PE-%F-led HHs No H,DP02_0010PE-% Non-Fam HHs,DP02_0015E-Avg HH Size,DP02_0016E-Avg Fam Size,DP02_0022PE-%Non Rel in Hs,DP02_0038E-per1000-F-U-RecentPreg,DP02_0046PE-%GPwParent&Gc1-2yrs,DP02_0048PE--%GPwParent&Gc>5yrs,DP02_0060PE-%NoSchDiploma,DP02_0063PE-%AssDeg,DP02_0079PE-% SameHouse_1YrAgo,DP02_0085PE-%LivAbroad1YrAgo,DP02_0088PE-%BornUS,DP02_0112PE-HomeLangNotEng,DP02_0134PE-%IrishAnc,DP03_0009PE-%Unemploy,"DP03_0027PE-%WorkingMgt,Bus,Sc,Arts",DP03_0028PE%WorkingService,DP03_0037PE-Retail,DP03_0040PE-%Fin&Ins,"DP03_0041PE-%ProfSc,Mgt,Admin",DP03_0050PE-%UnpaidFamilyWk,DP03_0052PE-Inc<10k,DP03_0054PE-Inc15-24k,DP03_0058PE-Inc75-99k,DP03_0061PE-Inc200k>,DP03_0065E-HH-MeanEarnings,DP03_0066PE-%HHsWithSocSec,DP03_0072PE-%HH Inc with Cash public Ass,DP03_0074PE-%HH Inc with Food Stamps SNAP,DP03_0085PE-%Families Inc>200k,DP03_0092E-Median Earning Workers,DP03_0093E-Median Earnings Male FT Workers,DP03_0094E-Median Earnings Female FT Workers,DP03_0097PE-%PHI-Priv,DP03_0098PE-%PHI-Pub,DP03_0099PE-No PHI,DP03_0119PE-% Fam <Pov,DP03_0121PE-%Fam with child U18&U5 <pov,DP03_0126PE-%F-Led Families with u18 <pov,DP04_0001E-T H U,DP04_0002PE-%Occ H U,DP04_0004E-%Ow Vac Rate,DP04_0005E-%Rn Vac Rate,DP04_0006E-T HU,State,County,Tract,DP04_0013PE-%20+HU,DP04_0017PE-%Built2014+,DP04_0029PE-%2rooms_only_HU,DP04_0039PE-Zero bedrooms,DP04_0045PE-%Occup HU,DP04_0046PE-%Owner Occup HU,DP04_0048E-Owner Ave Household size,DP04_0049E-Renter Ave Household size,DP04_0051PE-%moved since 2017+,DP04_0054PE-%moved 2000 to 2009,DP04_0082PE-%Value 50-99k,DP04_0083PE-%Value 100-149k,DP04_0084PE-%Value 150-199k,DP04_0087PE-%Value 500k-1m,DP04_0101E-Med Onwer Monthly Mortgage,DP04_0134E-Median Gross Rent,DP05_0005PE-%under 5 yrs,DP05_0023PE-%62 yrs+,DP05_0058PE-% w & B or AM,DP05_0061PE-%White & Asian,DP05_0064PE-%White with others,DP05_0070PE-%H&L race,AreaLand,crimeStats,crime,ALAND,Popo_Density_Per_Hector
0,"Census Tract 156, San Francisco County, California",3432,1450,715,9.5,50.7,2.36,2.89,18.1,0,0.0,0.0,3.7,1.8,80.1,2.5,67.2,42.9,12.8,1.8,62.8,10.8,5.7,11.9,25.4,0.0,3.7,9.4,11.7,20.1,179775,25.7,0.0,0.6,22.5,67768,108295,70644,81.3,81.3,1.3,8.0,0.0,100.0,1570,92.4,0.0,0.0,1570,06,075,015600,16.8,0.0,12.4,5.0,1450,27.0,1058,2.49,4.3,15.5,0.0,0.0,0.0,21.4,3895,1798,5.7,22.3,0.0,5.1,63.2,3432,29,4091,low,293930,0.0084
1,"Census Tract 102, San Francisco County, California",4299,2541,813,2.8,68.0,1.69,2.38,14.7,0,-666666666.0,-666666666.0,1.5,2.4,80.7,3.0,76.5,8.8,10.3,0.7,71.1,5.5,10.9,17.1,36.3,0.0,2.3,3.0,4.7,29.9,202319,24.7,1.1,1.1,39.0,93125,126733,84512,87.2,87.2,3.5,3.7,0.0,0.0,3015,84.3,0.0,0.8,3015,06,075,010200,35.9,0.0,13.1,10.8,2541,35.8,1632,1.71,5.5,28.0,1.4,0.0,0.0,38.3,4001,2449,2.0,27.1,1.1,2.0,83.7,4299,51,15427,high,515958,0.0119
2,"Census Tract 108, San Francisco County, California",4860,2466,910,1.4,63.1,1.97,2.79,15.7,0,0.0,12.2,3.1,4.2,85.5,2.3,66.0,40.4,10.8,4.5,57.8,10.3,8.4,10.7,31.2,0.7,4.0,5.2,10.9,19.5,159806,29.0,0.5,4.7,27.8,76771,101324,100667,73.5,73.5,1.9,10.7,0.0,100.0,2754,89.5,0.0,0.8,2754,06,075,010800,12.8,0.0,10.6,12.6,2466,24.9,1852,2.05,9.6,16.0,0.0,0.0,0.0,31.4,3847,1779,4.8,25.6,0.0,1.8,54.9,4860,22,3953,low,226078,0.0045
3,"Census Tract 331, San Francisco County, California",3861,1416,993,9.8,29.9,2.71,3.03,10.5,0,0.0,0.0,0.5,11.6,92.0,0.6,55.1,47.9,12.1,5.2,62.8,10.2,6.7,9.2,23.9,0.0,2.8,3.7,8.7,25.6,146850,40.2,0.5,1.1,26.5,55139,95250,81339,85.7,85.7,0.8,3.4,9.1,0.0,1571,90.1,0.0,0.0,1571,06,075,033100,0.0,0.0,2.7,0.4,1416,83.1,239,2.69,3.0,25.7,0.0,0.0,0.0,25.8,4001,3313,4.1,29.9,1.0,4.9,47.1,3861,89,4085,low,895560,0.0231
4,"Census Tract 402, San Francisco County, California",5541,2319,1111,4.5,52.1,2.38,3.16,14.4,0,0.0,0.0,6.6,4.7,92.7,0.9,65.2,34.8,10.8,3.9,63.2,12.5,10.9,10.7,22.5,0.0,3.6,6.0,12.6,27.1,188381,23.2,0.9,1.7,46.3,66489,101944,76406,83.2,83.2,1.3,0.0,0.0,0.0,2587,89.6,5.0,0.0,2587,06,075,040200,1.4,0.0,5.3,5.9,2319,41.8,1349,2.45,5.0,14.3,0.0,0.0,0.0,26.4,4001,1891,5.5,22.8,0.4,2.9,65.3,5541,53,6655,low,531470,0.0096
5,"Census Tract 428, San Francisco County, California",2490,923,703,9.2,23.8,2.7,3.13,2.7,0,0.0,0.0,0.3,2.9,92.8,1.4,80.3,23.3,9.6,4.7,75.3,4.9,5.3,20.7,21.9,0.6,2.8,3.0,10.0,43.8,283920,33.9,1.7,0.0,53.6,85966,197083,95179,89.5,89.5,2.5,1.8,0.0,0.0,1025,90.0,4.9,0.0,1025,06,075,042800,0.0,0.0,1.8,1.2,923,76.3,219,2.8,3.3,30.2,0.9,0.0,0.0,8.0,4001,2152,6.5,23.0,0.0,4.7,80.7,2490,55,1698,low,551507,0.0221
6,"Census Tract 234, San Francisco County, California",3663,968,752,28.2,22.3,3.78,3.99,12.3,38,0.0,25.4,12.5,5.0,96.6,0.5,57.1,62.0,0.8,7.1,23.6,35.1,10.7,2.4,12.1,0.0,6.3,11.6,9.9,10.8,81940,28.8,5.4,15.5,7.2,31165,41422,35521,48.4,48.4,10.8,24.1,0.0,44.2,1049,92.3,0.0,0.0,1049,06,075,023400,10.4,3.4,0.5,1.7,968,51.4,470,4.12,1.9,43.8,0.0,0.0,0.0,73.1,2616,668,5.7,15.0,5.1,0.0,14.9,3663,85,16162,high,854096,0.0232
7,"Census Tract 165, San Francisco County, California",5487,2252,838,3.6,62.8,2.25,2.68,27.7,0,-666666666.0,-666666666.0,2.6,3.5,78.6,0.0,79.8,19.8,10.6,5.1,63.7,13.0,12.2,8.4,25.2,0.6,1.6,3.9,7.5,34.1,181305,17.9,4.2,5.0,49.9,79692,100714,88302,77.9,77.9,4.9,0.0,0.0,0.0,2487,90.6,0.0,0.0,2487,06,075,016500,10.5,0.0,6.5,11.8,2252,27.6,1631,2.46,8.1,22.6,0.0,0.0,0.0,26.6,4001,1865,4.5,14.9,0.7,3.4,76.9,5487,37,10692,low,370453,0.0067
8,"Census Tract 307, San Francisco County, California",7022,2684,2110,9.6,21.4,2.62,2.89,5.0,0,0.0,0.0,3.3,3.5,87.7,1.2,76.0,29.7,8.1,2.6,67.6,13.0,3.9,9.2,23.5,0.0,1.0,3.0,9.0,39.9,194879,34.2,0.9,0.5,47.2,79063,133583,93393,83.8,83.8,1.5,0.0,0.0,0.0,2828,94.9,0.0,0.0,2828,06,075,030700,0.0,0.0,0.0,0.5,2684,81.2,504,2.55,2.6,21.8,0.0,0.0,0.6,25.9,3909,3219,7.3,27.2,0.7,5.1,66.4,7022,143,4305,low,1431899,0.0204
9,"Census Tract 351, San Francisco County, California",9053,2855,2040,16.6,28.5,3.17,3.49,12.3,0,0.0,16.2,2.5,3.7,91.0,2.2,55.3,52.4,10.8,3.6,56.6,18.8,6.6,4.9,19.4,0.7,4.9,3.6,9.8,21.6,146990,28.6,1.6,3.3,22.2,55881,73068,72153,75.1,75.1,3.7,4.2,0.0,0.0,2959,96.5,0.0,0.0,2959,06,075,035100,0.5,0.0,2.9,2.8,2855,56.0,1257,3.44,0.9,19.1,0.0,0.0,0.8,50.5,3222,1985,5.9,16.3,2.2,6.3,45.9,9053,92,4848,low,925693,0.0102
10,"Census Tract 130, San Francisco County, California",4863,2535,656,0.7,74.1,1.92,2.63,25.9,0,-666666666.0,-666666666.0,1.4,2.0,85.1,0.0,85.7,8.2,14.0,2.7,73.4,0.8,8.4,21.1,35.5,0.4,2.2,3.6,6.7,37.6,210760,16.8,0.7,1.5,51.8,93634,116200,101146,95.4,95.4,0.0,5.5,0.0,0.0,2669,95.0,0.0,3.1,2669,06,075,013000,22.7,0.8,8.8,14.8,2535,20.2,2023,2.54,9.3,19.3,0.0,0.0,0.0,0.0,3740,2169,4.0,12.3,0.0,3.2,89.8,4863,36,7953,low,365819,0.0074
11,"Census Tract 260.02, San Francisco County, California",3527,976,706,19.8,27.7,3.26,3.51,13.7,12,0.0,0.0,8.2,5.5,91.2,0.5,56.3,56.5,4.2,4.6,41.1,15.8,12.7,6.9,15.0,0.0,0.8,4.3,17.9,14.7,151752,28.6,3.9,4.5,13.2,39036,48500,61250,75.3,75.3,2.5,2.5,0.0,6.8,1039,93.9,0.0,0.0,1039,06,075,026002,1.0,0.6,0.3,0.6,976,79.1,204,3.09,0.0,24.6,0.9,0.0,0.8,64.2,2707,2145,3.2,22.6,1.1,2.8,41.2,3527,35,3434,low,357872,0.0099
12,"Census Tract 264.02, San Francisco County, California",5164,1214,897,16.0,26.1,4.23,4.37,17.7,125,3.2,3.2,6.8,7.4,84.1,1.5,50.0,66.3,2.8,2.7,27.4,25.5,15.6,3.1,12.9,0.0,1.7,4.5,17.9,12.4,108177,33.4,0.7,5.4,9.7,32162,40850,45862,68.8,68.8,8.1,8.1,0.0,17.5,1246,97.4,0.0,0.0,1246,06,075,026402,0.0,0.0,1.4,0.0,1214,66.7,404,3.96,0.0,30.7,0.0,2.0,0.0,77.3,2607,2380,8.4,14.3,1.3,1.1,17.9,5164,41,3939,low,414505,0.0079
13,"Census Tract 303.01, San Francisco County, California",5663,2291,1254,5.1,45.3,2.44,3.02,13.6,28,0.0,0.0,3.2,3.3,86.5,2.1,59.7,42.8,5.5,3.7,74.4,9.4,5.2,7.4,31.0,0.0,6.7,5.0,4.6,36.6,215810,27.6,0.5,2.0,46.6,84929,126250,95202,85.9,85.9,3.2,2.9,0.0,0.0,2595,88.3,0.0,1.2,2595,06,075,030301,1.8,0.0,3.4,3.6,2291,57.2,981,2.63,2.9,26.4,0.0,0.0,1.5,20.5,4001,2149,5.2,23.0,1.4,4.5,50.3,5663,75,4151,low,752520,0.0132
14,"Census Tract 308, San Francisco County, California",6584,2278,1734,7.6,23.9,2.83,3.15,6.7,0,0.0,0.0,1.6,5.1,94.5,0.6,63.5,38.3,9.0,3.3,65.3,7.6,8.5,11.3,18.6,1.7,1.7,1.4,7.4,37.1,191024,32.7,2.2,0.0,37.8,78311,94513,81139,87.8,87.8,2.8,0.0,0.0,0.0,2425,93.9,0.0,2.7,2425,06,075,030800,4.2,0.0,2.1,2.9,2278,71.4,651,2.84,2.9,28.1,0.0,0.0,0.0,17.8,4001,2270,4.9,26.2,0.3,0.7,56.8,6584,124,7617,low,1243204,0.0188
15,"Census Tract 254.02, San Francisco County, California",3284,1118,728,10.6,34.9,2.93,3.57,8.9,0,0.0,0.0,5.2,8.0,89.8,0.8,59.4,48.8,6.7,3.0,56.2,18.6,5.5,6.2,13.1,0.0,1.3,1.4,11.7,33.4,161116,26.1,0.9,2.9,41.9,63631,81435,68603,84.9,84.9,2.5,5.8,0.0,0.0,1172,95.4,3.9,0.0,1172,06,075,025402,2.0,0.8,2.0,4.7,1118,68.1,357,3.03,3.6,27.7,2.6,0.0,0.0,48.9,3236,1969,5.5,24.3,0.0,2.3,52.7,3284,30,3996,low,300169,0.0091
16,"Census Tract 479.01, San Francisco County, California",7597,2669,1464,5.4,45.1,2.8,3.9,7.5,0,0.0,11.6,3.5,11.6,89.1,0.3,64.6,45.6,10.1,4.2,53.6,15.2,9.0,7.9,13.3,0.3,6.8,5.0,9.4,13.8,123651,30.6,4.5,2.2,21.4,51063,61472,70774,82.7,82.7,1.7,2.3,0.0,100.0,2876,92.8,0.0,0.0,2876,06,075,047901,10.8,0.0,6.1,7.9,2669,55.8,1179,3.4,7.8,17.8,0.0,0.0,2.9,45.8,2974,1767,7.2,21.2,0.7,2.3,46.3,7597,116,8613,low,1166617,0.0153
17,"Census Tract 262, San Francisco County, California",7583,1995,1529,16.7,23.4,3.75,3.98,12.4,0,0.0,6.7,9.6,9.2,96.0,1.0,36.9,78.0,1.5,5.7,21.5,39.0,13.4,4.6,9.1,0.2,1.5,2.7,16.2,8.1,87198,43.6,4.2,8.6,8.1,31280,50258,41096,67.4,67.4,4.7,4.0,0.0,14.8,2121,94.1,0.0,1.1,2121,06,075,026200,1.1,0.0,1.9,2.5,1995,64.2,715,4.11,0.0,31.2,0.4,0.0,0.5,77.9,2572,1574,2.2,22.5,0.0,0.9,11.2,7583,77,7143,low,774532,0.0102
18,"Census Tract 216, San Francisco County, California",4345,2116,1051,6.2,50.3,2.05,2.66,11.1,0,-666666666.0,-666666666.0,1.5,3.7,86.9,1.8,72.2,33.4,7.9,5.8,74.0,8.0,4.7,12.0,30.1,0.0,7.2,5.3,4.8,34.0,190660,27.9,0.0,1.5,41.1,87179,122109,101011,88.7,88.7,0.8,6.9,0.0,100.0,2200,96.2,2.7,0.0,2200,06,075,021600,22.5,0.0,5.5,2.3,2116,65.0,740,2.02,1.9,24.7,0.0,1.2,0.8,30.9,3610,2607,3.2,20.0,0.7,1.5,71.4,4345,59,3790,low,597916,0.0136
19,"Census Tract 309, San Francisco County, California",7314,2343,1820,9.9,22.3,3.11,3.17,13.6,28,0.0,0.0,0.0,6.3,90.0,0.2,70.8,33.6,12.6,5.0,60.3,7.1,9.4,16.2,20.4,0.7,1.1,1.5,9.9,45.7,239561,39.4,0.8,0.0,50.9,79157,105485,112750,84.7,84.7,5.2,0.8,0.0,0.0,2478,94.6,2.3,0.0,2478,06,075,030900,1.4,0.0,0.8,0.0,2343,93.0,165,3.07,0.9,31.5,0.0,0.0,0.0,12.7,4001,2796,2.0,24.0,0.0,2.9,50.5,7314,185,8809,low,1853670,0.0253
20,"Census Tract 477.01, San Francisco County, California",4469,2024,941,6.6,53.5,2.21,2.92,14.4,0,0.0,45.2,4.1,6.0,88.4,0.7,61.1,45.2,7.1,6.6,53.1,16.2,10.4,7.1,22.9,0.0,3.5,7.7,13.3,11.2,111028,29.3,2.1,2.0,21.5,49638,73625,71325,76.1,76.1,4.8,4.4,0.0,0.0,2092,96.7,0.0,1.7,2092,06,075,047701,4.0,0.0,5.4,6.9,2024,35.8,1300,2.4,3.3,24.0,0.0,1.8,0.0,37.4,3996,1713,3.3,23.5,0.0,5.1,47.9,4469,36,4289,low,364728,0.0081
21,"Census Tract 477.02, San Francisco County, California",3877,1512,846,10.3,44.0,2.56,3.23,12.3,20,29.1,16.4,4.7,5.4,95.9,0.0,61.0,47.4,7.6,4.5,54.0,13.8,7.0,10.7,19.3,0.0,5.0,9.8,5.8,18.0,130690,25.3,3.0,3.9,21.2,52731,71750,63477,75.9,75.9,2.8,6.6,0.0,0.0,1710,88.4,0.0,0.0,1710,06,075,047702,1.5,0.5,3.4,9.2,1512,43.1,860,2.9,2.1,26.7,2.8,0.0,0.0,19.6,3584,1703,3.2,20.0,0.0,3.1,49.4,3877,35,2279,low,352786,0.009
22,"Census Tract 605.02, San Francisco County, California",3488,997,790,34.0,20.8,3.5,3.85,7.0,25,0.0,23.4,15.5,8.0,92.4,0.1,59.1,64.5,0.1,13.2,17.2,40.9,12.2,7.1,10.4,0.0,22.6,12.1,5.6,3.7,69816,27.5,12.6,38.0,2.0,24455,48854,35673,36.5,36.5,5.0,39.2,65.9,64.2,1064,93.7,0.0,1.1,1064,06,075,060502,6.0,0.0,0.7,2.6,997,21.3,785,4.74,0.6,25.9,0.0,0.0,0.0,82.1,2363,338,6.7,10.7,0.9,0.0,10.9,3488,27,12420,high,276333,0.0077
23,"Census Tract 607, San Francisco County, California",12180,5870,2824,7.0,51.9,2.01,2.72,9.2,0,0.0,0.0,2.8,3.3,74.2,5.0,59.8,46.8,5.1,2.9,75.9,5.2,8.2,11.4,36.4,0.4,8.7,2.2,4.9,36.6,193079,10.1,2.9,2.8,42.2,101711,137917,104978,79.3,79.3,2.3,4.7,0.0,45.1,6596,89.0,2.7,3.5,6596,06,075,060700,96.5,9.3,19.8,10.4,5870,33.7,3890,2.25,13.2,25.1,0.0,0.0,0.0,44.7,3306,3017,6.5,8.7,0.0,2.0,43.9,12180,208,20526,high,2081991,0.0171
24,"Census Tract 479.02, San Francisco County, California",3771,1516,820,12.9,45.9,2.49,3.3,9.9,0,0.0,0.0,4.4,11.2,87.4,1.3,65.3,41.6,11.6,3.2,55.3,14.8,6.1,6.2,26.3,0.0,3.3,2.8,10.4,13.5,127999,30.7,1.9,2.0,19.5,52113,72750,78000,79.6,79.6,4.4,3.0,5.7,10.8,1634,92.8,5.4,0.0,1634,06,075,047902,8.6,0.0,4.2,6.5,1516,49.5,765,2.98,3.2,24.6,0.0,0.0,0.0,32.0,3750,1930,5.5,26.6,3.1,4.5,57.2,3771,39,2689,low,397735,0.0103
25,"Census Tract 604, San Francisco County, California",1557,989,279,1.4,71.8,1.56,2.56,8.0,0,-666666666.0,-666666666.0,0.8,7.1,78.2,5.1,61.3,40.9,9.7,2.5,58.0,8.9,9.8,4.7,10.8,0.0,7.5,5.8,15.7,2.5,91462,40.4,0.0,0.8,6.8,57039,68854,64333,89.3,89.3,0.4,3.2,0.0,0.0,1058,93.5,0.0,5.2,1058,06,075,060400,87.1,0.0,22.8,43.9,989,17.6,815,1.93,8.1,20.1,0.0,0.0,2.3,69.0,3482,1707,2.8,36.9,0.0,3.6,61.8,1557,439,4433,low,4397436,0.282
26,"Census Tract 109, San Francisco County, California",4510,2547,811,3.1,68.2,1.77,2.36,19.0,0,-666666666.0,-666666666.0,1.1,4.2,82.9,1.2,76.3,24.8,9.8,2.0,68.6,7.5,8.9,16.1,32.2,0.0,4.6,11.3,8.0,33.1,217674,22.3,1.7,1.7,40.8,98527,118971,100633,87.3,87.3,1.0,5.1,0.0,-666666666.0,2833,89.9,0.0,1.4,2833,06,075,010900,17.1,1.8,8.0,14.3,2547,21.3,2005,1.97,5.7,19.4,0.0,0.0,0.0,33.0,4001,2346,1.0,23.3,1.7,1.2,74.2,4510,25,7002,low,250647,0.0055
27,"Census Tract 118, San Francisco County, California",1477,735,370,11.0,49.7,1.99,2.63,8.5,5,0.0,0.0,9.6,6.0,92.2,1.9,20.8,81.7,0.4,5.4,38.5,36.1,11.9,3.4,20.7,0.7,8.8,21.2,8.4,2.9,77577,26.7,1.6,5.7,1.9,25405,44107,50875,43.1,43.1,4.1,14.9,0.0,78.4,801,91.8,0.0,1.8,801,06,075,011800,55.3,0.0,13.2,63.9,735,1.6,723,1.5,6.4,21.6,0.0,0.0,0.0,50.0,-666666666,684,3.5,26.2,0.0,0.9,10.8,1477,5,2831,low,56564,0.0034
28,"Census Tract 121, San Francisco County, California",4002,2176,351,1.4,83.9,1.57,2.56,20.0,0,0.0,0.0,2.1,5.2,70.5,4.5,66.1,33.7,9.3,6.3,55.4,13.7,13.1,9.2,28.2,0.0,10.4,3.5,14.3,8.2,99990,10.6,0.0,4.5,21.1,51228,71349,70398,82.3,82.3,8.1,3.7,0.0,0.0,2341,93.0,8.9,0.0,2341,06,075,012100,75.7,1.1,26.5,45.5,2176,6.1,2043,1.38,12.8,16.6,0.0,0.0,0.0,37.6,2778,1673,2.0,8.4,0.1,2.0,61.8,4002,12,11059,high,123394,0.003
29,"Census Tract 128, San Francisco County, California",4436,2295,746,4.4,67.5,1.93,2.93,15.7,0,0.0,0.0,3.1,1.9,81.2,1.1,79.5,19.3,14.0,4.0,62.5,6.8,9.2,19.8,33.6,0.0,5.4,5.7,3.9,40.0,227476,13.3,0.0,1.4,75.5,101629,118077,106069,90.4,90.4,2.8,0.0,0.0,0.0,2604,88.1,0.0,0.0,2604,06,075,012800,11.8,0.0,8.2,14.2,2295,33.8,1519,2.41,3.5,26.9,0.0,1.3,0.0,20.4,4001,2211,8.2,13.3,0.0,1.9,93.3,4436,49,11382,high,497838,0.011
30,"Census Tract 155, San Francisco County, California",3532,2324,538,2.8,76.9,1.5,2.4,11.6,0,-666666666.0,-666666666.0,0.0,5.9,78.9,1.8,59.4,41.8,7.8,1.6,56.3,13.0,10.7,7.1,23.7,0.0,7.0,17.9,4.4,14.2,154303,39.7,2.0,2.0,27.1,72008,77422,81601,63.2,63.2,5.2,0.0,0.0,0.0,2558,90.9,0.0,5.5,2558,06,075,015500,65.4,0.0,22.3,27.4,2324,11.2,2063,1.5,3.0,33.4,0.0,0.0,0.0,21.1,3891,1322,1.7,41.4,1.7,2.2,59.9,3532,31,11676,high,311339,0.0088
31,"Census Tract 161, San Francisco County, California",5140,2544,1070,14.4,57.9,2.01,2.97,9.2,0,0.0,20.2,8.7,3.3,87.2,1.3,56.8,52.4,6.5,11.2,42.9,16.0,10.0,7.9,18.6,0.0,11.8,21.6,8.2,7.6,94104,24.5,4.7,13.5,1.9,29056,76071,51771,47.1,47.1,5.6,24.2,50.0,24.9,2888,88.1,0.0,1.4,2888,06,075,016100,62.8,2.1,11.6,14.5,2544,8.4,2331,2.39,3.9,35.6,0.0,0.0,0.0,42.7,2191,762,1.6,25.8,2.3,1.0,28.7,5140,36,18821,high,368899,0.007
32,"Census Tract 163, San Francisco County, California",4745,2023,733,5.5,63.8,2.26,2.65,29.4,0,-666666666.0,-666666666.0,3.9,2.8,83.8,0.9,83.7,18.9,9.3,2.9,68.5,10.3,9.6,5.0,30.1,0.0,5.6,4.7,6.9,36.3,211009,16.0,4.0,5.9,34.4,83217,105565,93904,83.3,83.3,1.2,4.5,0.0,63.5,2174,93.1,7.1,0.0,2174,06,075,016300,17.8,0.0,10.1,11.3,2023,20.9,1601,2.61,5.0,30.4,0.0,0.0,0.0,22.7,4001,2153,5.0,9.4,0.8,4.8,73.4,4745,24,9799,low,245866,0.0051
33,"Census Tract 176.01, San Francisco County, California",9244,5273,1458,8.9,72.3,1.73,3.02,9.9,0,0.0,0.0,3.9,4.8,80.7,1.7,53.9,48.9,5.2,1.7,48.7,20.7,12.7,11.9,21.3,0.0,14.0,8.8,4.2,12.8,122754,17.0,10.3,11.2,8.2,47955,56981,75197,54.2,54.2,7.2,13.2,0.0,84.0,6371,82.8,0.0,8.1,6371,06,075,017601,84.9,10.1,21.3,43.1,5273,4.7,5026,2.34,2.9,27.8,0.0,0.0,0.0,78.5,2423,995,0.4,13.3,1.2,1.9,34.7,9244,63,116852,high,633557,0.0068
34,"Census Tract 201, San Francisco County, California",6039,3309,941,8.5,71.6,1.77,2.67,16.6,0,-666666666.0,-666666666.0,3.7,6.5,76.4,1.6,62.0,38.3,8.2,6.7,53.1,23.2,10.3,4.6,27.3,0.0,12.9,11.2,6.0,14.9,116416,20.2,5.1,15.7,21.0,52284,68750,73947,57.1,57.1,3.9,14.0,23.6,57.5,3659,90.4,0.0,4.4,3659,06,075,020100,61.5,0.8,7.4,43.0,3309,18.7,2690,1.87,7.0,28.4,0.0,0.0,0.0,58.8,3805,1126,3.2,13.9,0.7,2.0,54.3,6039,44,59512,high,445707,0.0073
35,"Census Tract 206, San Francisco County, California",5203,2738,1016,3.3,62.9,1.9,2.56,16.9,0,0.0,0.0,0.6,5.1,85.8,3.4,79.7,21.8,14.1,3.8,77.7,5.7,4.0,9.8,31.5,0.0,2.7,0.5,8.0,36.7,211395,18.1,0.0,0.9,57.0,94952,129241,100833,85.7,85.7,2.2,0.9,0.0,47.4,2929,93.5,0.0,0.7,2929,06,075,020600,16.1,0.0,9.3,10.7,2738,38.6,1681,2.1,5.8,30.1,0.0,1.4,0.0,24.1,4001,2112,6.5,16.0,0.8,4.2,83.1,5203,56,16852,high,567325,0.0108
36,"Census Tract 209, San Francisco County, California",4746,1887,750,13.0,60.3,2.47,2.83,30.0,0,0.0,0.0,7.0,3.5,85.7,0.9,60.5,43.2,6.4,4.1,55.2,20.5,10.3,5.9,28.8,0.0,3.9,8.3,8.4,28.0,154503,20.8,1.4,4.8,22.5,61824,90458,72336,67.1,67.1,8.3,13.7,0.0,27.6,1988,94.9,2.9,0.0,1988,06,075,020900,22.3,0.0,11.1,17.3,1887,14.7,1609,2.22,4.9,20.7,0.0,0.0,0.0,36.3,3017,1601,2.2,16.1,0.2,1.0,63.2,4746,31,21147,high,312680,0.0065
37,"Census Tract 218, San Francisco County, California",4332,1868,1023,7.7,45.2,2.3,2.87,12.0,0,-666666666.0,-666666666.0,2.0,4.6,82.9,0.9,84.8,20.8,11.6,4.0,79.9,4.2,7.8,7.7,32.7,0.0,2.6,2.1,6.9,45.7,214115,24.8,0.0,0.0,58.2,99250,151250,103375,89.1,89.1,2.5,0.0,0.0,0.0,1909,97.9,0.0,0.0,1909,06,075,021800,0.6,0.0,3.6,2.0,1868,58.1,782,2.24,3.3,32.6,0.0,0.8,0.0,24.1,4001,1925,8.0,19.4,2.2,1.3,81.7,4332,50,4913,low,500951,0.0115
38,"Census Tract 226, San Francisco County, California",2648,1241,596,2.8,52.0,2.13,2.58,17.5,0,0.0,0.0,0.4,2.5,71.7,2.6,76.5,22.7,10.2,2.3,72.7,9.2,7.6,7.6,30.0,0.0,0.5,1.2,8.1,46.3,209770,8.9,2.7,1.9,50.2,102257,129667,112188,89.9,89.9,1.4,0.0,0.0,0.0,1365,90.9,0.0,5.5,1365,06,075,022600,59.5,15.0,17.4,16.3,1241,42.6,712,2.05,18.3,19.7,0.0,0.0,0.0,44.0,4001,3151,7.2,7.1,0.8,5.7,67.5,2648,135,10813,high,1357738,0.051
39,"Census Tract 231.02, San Francisco County, California",4526,1579,953,38.1,39.6,2.87,3.9,4.1,25,0.0,32.1,6.3,8.8,93.6,0.5,77.2,29.5,1.0,12.7,23.2,22.1,11.3,4.5,10.3,0.0,18.0,11.8,8.7,6.3,75586,24.1,7.9,21.5,6.0,26930,43068,37136,44.5,44.5,5.6,29.1,45.0,45.1,1621,97.4,0.0,0.0,1621,06,075,023102,3.7,0.0,0.0,1.9,1579,31.7,1078,2.94,2.4,28.2,0.0,5.0,0.0,43.3,2610,596,9.6,15.0,0.6,0.7,7.0,4526,49,9525,low,499233,0.0108
40,"Census Tract 251, San Francisco County, California",3573,1327,765,4.0,42.4,2.66,3.24,13.7,0,0.0,38.7,1.2,6.8,88.3,0.0,77.7,27.5,9.7,2.8,69.5,9.3,9.5,9.2,22.7,0.0,4.4,1.8,13.8,42.7,218394,24.6,2.4,2.3,43.4,78864,112917,93750,79.6,79.6,3.0,6.5,0.0,0.0,1419,93.5,0.0,12.0,1419,06,075,025100,0.0,0.0,2.9,5.9,1327,72.9,359,2.81,1.9,28.0,0.0,0.0,0.0,22.9,3716,1821,9.2,15.0,0.0,3.4,65.7,3573,55,6502,low,556958,0.0154
41,"Census Tract 170, San Francisco County, California",4268,2230,847,1.4,62.0,1.91,2.43,19.3,0,-666666666.0,-666666666.0,0.4,2.2,85.9,1.9,75.8,15.4,16.3,2.7,73.7,4.8,5.6,9.7,31.6,0.0,2.4,0.0,8.7,45.0,242998,19.7,0.0,0.6,62.0,103261,121659,107188,93.2,93.2,1.2,0.0,0.0,-666666666.0,2390,93.3,0.0,3.8,2390,06,075,017000,14.3,0.0,9.7,11.7,2230,55.0,1003,1.99,1.6,30.1,0.0,0.0,0.0,29.3,3942,2504,3.6,14.3,0.0,4.0,82.3,4268,46,4695,low,469547,0.0108
42,"Census Tract 180, San Francisco County, California",3091,1289,448,2.2,65.2,1.75,2.35,16.0,9,0.0,100.0,7.3,3.0,58.7,1.4,69.6,25.7,8.2,9.6,77.5,8.1,8.8,10.0,39.5,0.0,3.1,2.6,3.4,34.4,180990,7.2,1.6,0.0,53.3,76397,115536,103068,72.9,72.9,3.6,0.0,0.0,-666666666.0,1575,81.8,7.6,13.4,1575,06,075,018000,62.3,3.3,21.7,27.8,1289,42.1,746,1.79,11.6,15.2,0.0,0.7,0.0,56.5,4001,2553,1.5,9.8,1.2,2.6,56.6,3091,93,93259,high,937021,0.0301
43,"Census Tract 215, San Francisco County, California",5435,2466,1110,4.8,55.0,2.17,2.94,13.7,0,0.0,0.0,1.1,4.5,82.4,1.4,78.6,28.2,15.3,5.9,71.0,7.5,5.5,8.9,32.4,0.6,5.6,2.6,8.4,42.2,208294,9.1,1.5,2.8,59.5,95891,133818,92070,88.2,88.2,4.8,2.0,0.0,0.0,2699,91.4,0.0,1.4,2699,06,075,021500,0.4,1.3,7.0,5.0,2466,47.4,1298,2.48,6.8,24.7,1.5,0.0,1.0,29.5,3455,2363,7.5,11.7,0.0,4.0,79.4,5435,49,5134,low,495278,0.009
44,"Census Tract 228.03, San Francisco County, California",5117,1580,723,9.7,54.2,3.21,4.12,24.2,0,0.0,0.0,5.8,4.6,85.7,0.7,61.7,52.7,5.4,9.3,49.7,20.7,13.0,4.9,30.4,0.3,4.9,3.0,10.7,27.7,152683,14.1,1.9,7.3,26.3,47020,80744,63870,75.5,75.5,8.7,4.8,0.0,0.0,1672,94.5,0.0,0.0,1672,06,075,022803,6.2,0.0,8.6,5.8,1580,39.4,957,2.99,5.1,25.1,0.0,0.0,0.0,47.2,3596,2085,3.2,8.8,1.7,1.7,61.4,5117,28,8179,low,282080,0.0055
45,"Census Tract 264.04, San Francisco County, California",2843,701,577,23.8,17.7,4.06,4.21,10.2,20,0.0,13.1,10.1,5.7,97.3,1.6,42.9,76.5,2.8,6.7,25.1,28.3,12.7,5.7,8.9,0.0,5.0,11.7,11.0,9.7,95118,32.7,1.4,5.8,9.4,30744,41638,45667,59.4,59.4,5.3,9.4,19.6,18.5,713,98.3,0.0,0.0,713,06,075,026404,1.7,0.0,1.3,3.5,701,55.1,315,4.46,0.9,36.8,0.0,1.3,2.3,71.5,2486,1422,5.8,17.9,0.0,0.3,19.1,2843,18,3299,low,188349,0.0063
46,"Census Tract 306, San Francisco County, California",2516,896,667,9.3,25.6,2.8,3.21,5.4,0,0.0,0.0,1.6,7.6,93.4,0.3,77.3,28.6,14.5,7.2,68.5,9.6,4.4,10.1,25.2,0.6,0.3,5.8,8.5,40.5,199077,36.7,2.7,1.0,48.1,95662,122500,106719,88.6,88.6,3.3,0.4,0.0,0.0,931,96.2,0.0,0.0,931,06,075,030600,0.8,0.0,0.0,0.0,896,83.0,152,2.79,3.6,29.8,0.8,0.0,0.0,15.5,3734,3197,7.3,21.2,1.0,6.4,65.6,2516,52,2109,low,521626,0.0207
47,"Census Tract 310, San Francisco County, California",3520,1307,1055,12.5,19.3,2.69,2.92,5.1,0,0.0,0.0,2.2,5.0,91.1,0.5,69.3,37.6,10.3,2.3,71.7,6.9,5.9,10.2,21.5,0.6,1.5,5.4,6.9,30.5,190443,32.5,1.8,2.7,35.7,82159,106486,76016,87.4,87.4,1.3,3.6,11.1,36.6,1407,92.9,3.8,0.0,1407,06,075,031000,2.3,1.7,0.5,0.5,1307,80.6,254,2.58,1.9,25.4,0.0,2.6,0.0,23.0,3369,1894,7.5,26.0,0.9,2.1,59.0,3520,81,5024,low,819576,0.023
48,"Census Tract 332.01, San Francisco County, California",4483,620,200,4.7,67.7,2.94,2.68,47.6,0,0.0,0.0,0.0,15.1,28.1,2.0,84.7,38.7,5.5,24.4,23.7,32.7,22.3,1.9,6.0,0.0,14.2,16.5,10.5,2.3,47486,19.7,0.6,4.0,7.0,4262,36382,38397,83.3,83.3,5.1,19.0,0.0,0.0,731,84.8,-666666666.0,11.3,731,06,075,033201,51.2,0.0,3.0,0.0,620,0.0,620,-666666666.0,14.2,15.5,-666666666.0,-666666666.0,-666666666.0,-666666666.0,-666666666,1680,0.9,3.8,0.6,3.8,45.3,4483,97,10706,low,970828,0.0216
49,"Census Tract 111, San Francisco County, California",4778,3144,617,2.7,80.4,1.52,2.31,17.1,0,-666666666.0,-666666666.0,6.7,1.2,78.8,0.9,67.1,32.8,11.6,1.1,61.1,13.3,7.7,10.8,25.9,0.0,3.6,4.5,6.3,17.5,143018,14.5,0.3,3.0,29.8,69701,102869,87044,75.6,75.6,6.9,6.2,0.0,0.0,3399,92.5,0.0,1.5,3399,06,075,011100,41.7,0.0,15.9,30.4,3144,8.0,2892,1.6,8.4,26.0,0.0,0.0,0.0,17.5,4001,1640,2.8,17.8,0.0,3.0,62.8,4778,24,21499,high,247102,0.005
50,"Census Tract 117, San Francisco County, California",1768,1019,324,3.0,68.2,1.66,2.7,6.9,0,0.0,0.0,7.2,2.3,89.6,1.1,43.9,62.1,4.3,4.2,47.4,28.0,7.6,9.5,24.3,0.8,8.3,10.3,8.3,10.5,120200,16.0,9.0,13.2,14.5,40950,74861,53667,57.6,57.6,9.2,10.8,26.1,18.8,1361,74.9,0.0,12.5,1361,06,075,011700,88.2,3.7,10.9,62.7,1019,8.0,937,1.9,2.7,15.6,0.0,0.0,0.0,13.4,4001,1009,2.3,20.3,0.7,0.6,40.2,1768,55,52267,high,551749,0.0311
51,"Census Tract 154, San Francisco County, California",5970,2865,1253,1.6,56.3,2.08,2.72,15.8,0,0.0,0.0,3.0,4.9,81.2,1.0,75.8,24.7,10.8,5.5,68.7,6.8,8.7,15.1,30.4,0.0,5.8,2.6,12.5,27.2,179337,17.3,0.0,0.4,41.7,84363,103817,87566,88.5,88.5,1.5,3.2,0.0,0.0,3170,90.4,0.0,2.8,3170,06,075,015400,10.9,0.4,8.2,3.2,2865,29.6,2016,2.55,8.7,18.4,0.0,0.0,0.0,25.8,4001,2267,6.1,16.6,0.3,3.4,69.4,5970,71,7660,low,719491,0.0119
52,"Census Tract 104, San Francisco County, California",4430,2418,870,3.3,64.0,1.83,2.64,12.8,0,0.0,0.0,2.5,4.3,90.1,1.9,70.8,31.9,7.7,6.8,67.0,5.6,8.1,15.3,31.6,0.0,5.9,2.6,13.4,25.4,174063,21.5,1.5,0.7,35.4,71653,121677,82214,83.7,83.7,4.0,3.6,16.9,0.0,2860,84.5,0.0,6.7,2860,06,075,010400,10.3,0.0,12.4,12.2,2418,40.9,1430,1.9,2.0,25.6,5.7,0.0,0.0,26.8,4001,2142,3.2,21.3,1.8,3.2,71.3,4430,33,5902,low,335744,0.0074
53,"Census Tract 255, San Francisco County, California",9754,2768,1984,16.5,28.3,3.49,3.78,14.2,39,0.0,0.0,3.6,5.7,88.2,2.7,52.4,63.5,5.1,6.4,40.6,23.2,9.4,3.9,18.7,0.5,3.9,6.6,13.5,25.5,146745,40.2,2.9,6.0,28.0,47734,63962,54904,66.7,66.7,3.0,8.0,0.0,30.5,2788,99.3,0.0,0.0,2788,06,075,025500,0.7,0.0,2.8,4.8,2768,66.1,938,3.76,3.4,32.1,0.9,0.0,0.0,66.0,3183,1806,6.1,23.3,0.1,2.7,37.4,9754,107,14396,high,1076567,0.011
54,"Census Tract 256, San Francisco County, California",5403,1482,1076,12.7,27.4,3.64,3.95,13.6,0,4.2,0.0,6.5,6.0,96.0,0.2,48.6,64.8,2.6,6.0,28.3,30.1,9.9,5.0,15.1,0.8,2.7,7.6,15.8,11.7,121502,40.8,3.8,5.1,9.6,36743,60000,47500,63.9,63.9,4.5,3.4,0.0,75.0,1666,89.0,0.0,8.5,1666,06,075,025600,1.6,0.5,2.9,2.6,1482,75.3,366,3.87,3.4,26.5,2.3,2.9,0.9,68.7,2480,1096,4.4,21.7,2.6,1.6,23.9,5403,56,5518,low,562530,0.0104
55,"Census Tract 258, San Francisco County, California",2020,613,405,11.3,33.9,3.26,4.05,7.5,40,0.0,5.3,11.6,5.5,94.9,0.8,47.3,67.9,1.4,5.2,38.3,23.2,5.9,12.4,12.8,0.0,8.5,3.6,15.2,17.3,119693,25.4,7.0,7.8,18.5,41827,67500,43516,66.7,66.7,6.7,3.5,0.0,4.3,642,95.5,3.8,0.0,642,06,075,025800,3.3,0.0,7.2,0.9,613,57.1,263,3.65,0.0,15.7,0.0,0.0,6.0,77.1,2659,1578,4.0,21.0,1.3,1.0,25.0,2020,24,3078,low,241710,0.0119
56,"Census Tract 260.01, San Francisco County, California",6018,1591,1273,26.6,20.0,3.78,3.82,13.8,27,0.0,2.8,11.4,5.6,93.6,0.0,46.7,70.9,1.7,3.5,26.7,33.3,15.0,2.0,14.3,0.0,4.9,9.1,13.2,10.9,86502,34.9,5.0,13.1,8.9,27905,38942,40391,67.0,67.0,4.1,9.0,0.0,14.4,1676,94.9,0.0,5.6,1676,06,075,026001,0.0,0.0,2.4,0.2,1591,59.8,639,3.86,0.9,25.2,0.0,1.2,0.0,73.9,2667,1645,4.4,15.3,1.7,1.4,30.5,6018,40,7660,low,407294,0.0066
57,"Census Tract 451, San Francisco County, California",5330,2102,1032,6.0,50.9,2.52,2.99,21.5,0,0.0,0.0,3.1,5.1,87.9,0.9,67.4,32.1,8.2,3.8,62.7,18.6,7.0,3.0,21.2,0.0,1.8,3.9,11.0,28.5,171260,19.1,0.6,0.6,42.7,53294,100558,67989,82.9,82.9,2.3,0.0,0.0,0.0,2206,95.3,0.0,1.3,2206,06,075,045100,4.6,0.0,7.3,4.0,2102,39.6,1269,2.43,1.7,22.3,0.0,0.6,0.0,26.4,3490,2198,4.7,15.9,0.0,1.5,56.1,5330,38,4913,low,384459,0.0071
58,"Census Tract 452, San Francisco County, California",6913,2958,1529,9.5,48.3,2.33,2.89,15.2,1,0.0,0.0,2.7,5.0,84.2,0.0,67.1,40.1,6.2,4.6,55.0,14.6,10.5,6.7,20.2,0.0,6.8,3.9,15.7,20.6,141897,19.3,0.9,2.0,34.2,57852,69730,68457,83.3,83.3,4.4,6.1,0.0,52.9,3017,98.0,0.0,0.0,3017,06,075,045200,1.9,0.0,5.7,7.0,2958,30.9,2044,2.57,6.3,28.6,0.0,0.0,2.0,17.7,4001,1838,2.3,19.9,0.3,5.3,57.6,6913,59,9555,low,592224,0.0085
59,"Census Tract 261, San Francisco County, California",7516,2069,1378,15.9,33.4,3.63,4.04,16.6,18,0.0,0.0,9.9,6.5,92.0,1.6,35.6,75.9,2.8,6.4,29.7,26.3,15.3,3.6,14.3,0.0,2.8,5.9,11.8,12.8,103803,33.0,2.9,2.6,11.5,35441,52547,42471,63.9,63.9,7.1,1.2,0.0,0.0,2090,99.0,0.0,0.0,2090,06,075,026100,2.9,0.0,4.0,4.9,2069,53.6,961,3.79,4.8,36.3,0.0,0.0,0.0,75.5,2676,1748,4.0,18.6,0.5,2.5,20.4,7516,75,13277,high,751208,0.01
60,"Census Tract 233, San Francisco County, California",3456,1100,841,16.7,23.5,3.14,3.54,6.3,0,0.0,12.0,10.2,4.7,96.6,0.0,41.6,70.8,1.1,9.7,30.6,35.6,11.1,5.1,11.9,0.0,14.9,9.0,9.0,12.0,92844,31.0,4.4,17.8,10.7,35507,45789,41620,49.6,49.6,7.3,24.6,0.0,58.3,1136,96.8,0.0,2.4,1136,06,075,023300,33.8,4.2,4.5,3.5,1100,52.5,523,3.5,2.7,15.7,4.0,0.0,1.0,62.9,2350,821,4.5,20.0,0.4,0.0,12.5,3456,63,8333,low,635979,0.0182
61,"Census Tract 253, San Francisco County, California",4819,1819,1027,9.0,43.5,2.59,2.92,19.5,11,0.0,0.0,2.6,5.6,86.5,1.1,70.1,35.9,14.5,2.2,65.3,14.4,6.2,6.8,24.1,0.4,1.0,2.7,10.6,36.1,181566,14.5,1.1,2.3,39.8,64173,99196,94080,82.6,82.6,3.6,1.5,0.0,0.0,1987,91.5,0.0,2.1,1987,06,075,025300,8.5,0.3,4.2,4.4,1819,44.3,1013,2.62,3.7,27.0,0.0,1.2,4.0,25.6,3713,1848,7.0,12.7,3.9,1.5,67.8,4819,38,13914,high,383005,0.0079
62,"Census Tract 254.01, San Francisco County, California",3725,1373,766,12.2,44.2,2.7,3.12,19.2,13,0.0,90.6,4.8,5.9,85.1,1.2,66.8,36.4,11.3,1.8,54.4,20.4,6.5,7.0,20.2,0.0,1.7,8.6,8.3,24.8,147131,17.6,3.7,5.3,26.2,54785,71094,70302,75.0,75.0,6.9,3.1,0.0,16.1,1404,97.8,0.0,0.0,1404,06,075,025401,2.1,0.0,10.5,3.6,1373,43.3,778,2.73,5.3,26.3,3.2,1.2,0.0,27.4,3416,1889,4.6,11.7,0.3,2.5,66.6,3725,36,6632,low,363715,0.0097
63,"Census Tract 305, San Francisco County, California",3344,1051,633,5.3,39.8,2.47,2.95,11.8,0,0.0,0.0,3.9,7.7,87.3,0.4,71.2,37.5,6.2,3.5,69.9,8.7,6.1,6.6,27.1,0.0,3.4,4.7,6.1,29.5,172915,37.5,1.0,2.8,31.1,74583,105565,61985,82.0,82.0,2.5,1.1,0.0,0.0,1072,98.0,0.0,0.0,1072,06,075,030500,16.0,0.0,0.0,15.6,1051,72.5,289,2.72,4.5,22.0,0.0,0.0,0.0,38.5,3603,-666666666,3.4,34.5,1.3,3.0,51.0,3344,108,3415,low,1087780,0.0323
64,"Census Tract 263.01, San Francisco County, California",5246,1384,1020,21.5,26.3,3.77,4.13,12.4,10,0.0,14.1,10.7,6.7,93.2,0.4,42.3,71.5,2.3,6.9,30.1,32.6,11.8,5.9,17.9,0.0,8.5,5.3,8.8,10.2,96033,38.7,2.2,8.0,11.2,31390,50656,41145,59.7,59.7,7.3,9.8,0.0,6.3,1420,97.5,0.0,0.0,1420,06,075,026301,0.4,0.0,3.6,0.8,1384,61.7,530,3.56,0.7,29.2,0.0,0.0,0.8,83.8,2586,1667,3.1,21.3,0.0,1.4,24.9,5246,36,7309,low,367744,0.0069
65,"Census Tract 263.02, San Francisco County, California",5269,1498,1113,13.7,25.7,3.52,3.77,13.1,0,0.0,9.2,5.1,11.4,93.2,1.4,44.7,69.8,3.4,4.2,35.9,34.6,8.2,5.3,14.1,0.0,3.4,5.0,17.4,8.7,103471,27.9,4.5,3.5,9.1,31440,51157,49688,66.3,66.3,3.2,4.1,0.0,8.4,1558,96.1,0.0,0.0,1558,06,075,026302,5.4,0.0,2.2,0.7,1498,61.5,577,3.28,3.1,21.9,1.2,0.0,0.0,68.1,2689,1479,2.5,18.9,0.8,0.8,26.8,5269,76,4469,low,760317,0.0144
66,"Census Tract 263.03, San Francisco County, California",5216,1255,1091,18.0,13.1,4.09,4.05,10.7,15,31.3,6.0,4.6,8.9,93.0,0.8,36.8,79.8,2.3,3.9,29.2,32.4,11.4,3.6,10.2,0.0,1.7,7.2,14.8,13.1,98323,35.5,2.1,7.0,11.1,34886,44856,47482,71.4,71.4,9.1,4.4,8.3,25.3,1370,91.6,0.0,0.0,1370,06,075,026303,0.0,0.0,6.8,3.4,1255,60.4,497,4.28,1.8,21.3,0.0,0.0,1.2,81.9,3023,1918,5.3,21.8,0.0,0.6,17.8,5216,42,3194,low,426600,0.0081
67,"Census Tract 311, San Francisco County, California",6899,2433,1645,12.4,32.4,2.83,3.15,13.3,0,0.0,13.7,2.5,6.3,87.4,0.8,66.6,42.1,8.1,3.9,50.2,18.8,13.6,6.5,19.1,0.0,0.5,2.0,18.3,26.1,152428,36.8,0.7,2.1,29.6,55600,107798,59508,81.8,81.8,4.7,1.9,0.0,23.3,2552,95.3,0.0,5.6,2552,06,075,031100,2.4,0.0,2.3,1.3,2433,66.9,805,3.06,2.3,24.5,0.0,0.0,1.6,47.9,2947,2311,5.3,24.4,0.5,3.3,59.9,6899,107,10958,high,1078276,0.0155
68,"Census Tract 217, San Francisco County, California",4309,1812,1067,9.4,41.1,2.38,3.01,8.1,0,0.0,9.6,2.0,5.2,92.9,0.5,70.9,37.5,10.1,3.8,65.5,12.9,4.7,9.3,29.3,0.0,3.4,5.5,6.3,34.7,173298,24.1,1.6,4.8,44.1,70862,134250,74046,88.4,88.4,1.0,7.0,0.0,0.0,1901,95.3,0.0,1.9,1901,06,075,021700,15.6,0.6,1.6,1.8,1812,70.8,530,2.34,2.3,20.5,0.0,0.0,1.6,23.1,3731,1342,8.2,22.0,1.3,2.1,62.8,4309,122,5419,low,1229617,0.0283
69,"Census Tract 228.02, San Francisco County, California",2329,680,382,10.7,43.8,2.63,3.02,18.9,76,0.0,91.3,13.6,4.8,78.6,2.7,68.7,51.5,7.1,2.5,45.1,25.6,11.2,3.0,28.4,0.0,2.4,9.7,7.5,26.5,146822,16.9,6.2,7.5,21.5,51369,86667,67143,64.3,64.3,5.0,6.3,0.0,29.6,707,96.2,0.0,0.0,707,06,075,022802,14.4,3.7,4.7,7.2,680,28.1,489,2.45,3.2,27.9,0.0,0.0,3.7,27.2,3513,1494,4.1,19.6,0.2,1.8,50.4,2329,29,16126,high,291126,0.0125
70,"Census Tract 229.01, San Francisco County, California",5174,1547,953,14.9,38.4,3.33,3.56,22.5,10,0.0,0.0,9.2,2.1,93.1,0.2,60.8,58.3,4.9,6.4,47.7,25.2,9.0,2.9,22.9,0.0,3.6,10.9,9.0,19.7,125378,15.0,4.4,8.9,8.9,37997,50748,53674,60.7,60.7,9.7,15.3,15.1,44.7,1614,95.8,5.3,1.8,1614,06,075,022901,5.7,0.0,3.5,6.2,1547,24.2,1172,3.38,1.4,33.3,0.0,0.0,0.0,50.1,3699,1968,5.6,8.3,0.0,1.1,48.1,5174,24,10735,low,248905,0.0046
71,"Census Tract 229.02, San Francisco County, California",2605,803,504,20.7,37.2,3.17,3.28,23.2,0,0.0,0.0,3.9,4.6,86.5,1.5,63.2,51.5,4.9,5.0,46.8,24.3,9.6,6.4,27.0,0.0,0.9,6.1,7.2,29.6,139146,24.0,4.5,9.8,18.8,41994,66691,44063,67.2,67.2,6.9,7.3,0.0,100.0,882,91.0,0.0,0.0,882,06,075,022902,1.5,0.0,3.1,0.8,803,41.5,470,2.95,5.4,20.7,2.4,1.8,0.0,51.1,3310,2091,3.4,21.0,4.1,1.1,56.5,2605,16,4130,low,161833,0.0061
72,"Census Tract 229.03, San Francisco County, California",3561,1128,639,14.2,43.4,3.16,3.53,23.0,38,0.0,52.6,4.2,4.2,85.7,1.1,65.7,56.3,3.4,0.7,46.5,20.9,9.9,3.8,24.2,0.0,2.9,6.7,5.3,32.7,147783,23.9,1.5,9.7,24.3,57143,74313,52578,68.1,68.1,5.4,1.4,0.0,0.0,1238,91.1,0.0,0.0,1238,06,075,022903,7.4,0.0,6.6,3.8,1128,40.9,667,3.02,5.3,20.0,0.0,0.0,0.0,53.1,3200,2006,7.6,10.8,0.4,1.7,50.2,3561,30,7950,low,309622,0.0084
73,"Census Tract 230.03, San Francisco County, California",3830,1252,975,15.3,22.1,3.06,3.39,6.2,0,0.0,42.4,7.7,12.6,96.5,0.4,53.6,62.0,2.3,6.1,33.0,14.9,12.6,6.5,14.8,0.0,3.2,11.1,11.9,11.1,88807,36.7,5.4,4.2,13.4,42088,51698,43516,65.0,65.0,1.4,4.3,0.0,0.0,1296,96.6,0.0,0.0,1296,06,075,023003,0.0,0.0,0.0,0.0,1252,84.9,189,3.07,3.7,23.6,0.0,0.9,0.8,67.1,2171,1981,3.4,27.2,0.0,1.1,18.3,3830,40,5828,low,409146,0.0104
74,"Census Tract 264.03, San Francisco County, California",3962,1134,811,14.7,28.5,3.45,3.98,9.0,0,0.0,2.6,7.8,7.3,92.1,1.6,35.8,73.7,1.3,9.4,20.0,31.6,10.7,3.2,14.8,0.0,6.3,7.1,18.6,3.3,90083,36.7,3.4,12.5,3.3,31507,49704,40346,59.8,59.8,5.6,4.8,0.0,0.0,1209,93.8,0.0,3.8,1209,06,075,026403,4.5,0.0,2.2,2.2,1134,51.0,556,3.93,1.8,29.9,1.6,1.4,0.0,82.5,2849,1468,4.1,20.4,0.2,0.6,20.3,3962,37,4938,low,379382,0.0093
75,"Census Tract 302.01, San Francisco County, California",4542,1976,1067,6.7,46.0,2.29,2.76,15.1,35,0.0,31.3,3.3,4.1,90.0,0.7,70.0,36.6,10.9,2.0,68.0,10.0,11.5,4.1,20.8,0.0,2.1,3.0,12.5,18.2,127880,15.5,2.3,2.1,22.0,60826,77757,64762,84.6,84.6,3.6,3.1,8.9,30.6,2008,98.4,0.0,0.0,2008,06,075,030201,11.0,0.0,6.5,2.6,1976,27.3,1436,2.81,3.2,23.0,0.0,0.0,0.0,28.9,3455,1862,5.1,15.5,0.2,4.4,59.8,4542,36,3931,low,360958,0.0079
76,"Census Tract 303.02, San Francisco County, California",4315,1493,960,6.8,35.7,2.89,3.49,10.0,0,0.0,0.0,1.4,5.5,91.9,0.2,66.9,46.4,8.1,3.5,61.3,11.7,9.2,8.8,18.3,0.0,0.5,6.0,9.6,35.6,214717,28.7,1.5,0.0,49.3,61912,75809,95385,86.2,86.2,1.1,0.0,0.0,0.0,1501,99.5,0.0,0.0,1501,06,075,030302,0.0,0.0,1.3,2.9,1493,81.7,273,2.89,5.2,25.5,0.0,0.0,0.0,24.8,4001,2119,4.5,22.7,1.6,2.5,43.3,4315,59,2880,low,597811,0.0137
77,"Census Tract 304, San Francisco County, California",5641,1975,1463,10.3,25.9,2.86,3.19,8.3,0,0.0,0.0,1.6,5.9,91.5,0.3,73.4,32.4,13.1,3.8,61.6,9.6,5.2,8.3,25.5,0.0,1.0,5.8,9.9,41.2,248594,32.9,2.7,1.1,43.5,68482,116354,73906,90.4,90.4,0.3,1.6,6.9,0.0,2068,95.5,0.0,0.0,2068,06,075,030400,0.9,0.0,2.1,1.3,1975,79.2,410,3.02,1.6,23.6,0.0,0.5,0.5,21.0,3775,1919,8.5,20.5,0.0,3.8,56.8,5641,97,4838,low,973464,0.0172
78,"Census Tract 103, San Francisco County, California",4229,1970,943,6.1,52.1,2.15,2.65,16.6,0,0.0,0.0,1.3,6.3,85.6,3.8,71.4,43.1,8.5,2.3,59.8,14.8,12.3,11.9,29.5,0.0,3.6,4.0,6.3,28.1,165678,26.3,1.6,1.6,32.6,74523,92121,74742,79.7,79.7,2.6,7.7,0.0,27.8,2371,83.1,5.4,5.0,2371,06,075,010300,15.7,0.9,2.2,10.5,1970,25.6,1465,1.77,5.0,14.5,0.0,3.6,0.0,26.1,4001,1993,1.3,21.7,0.5,0.0,68.3,4229,26,5272,low,268266,0.0061
79,"Census Tract 110, San Francisco County, California",4792,2497,836,3.2,66.5,1.92,2.59,20.2,0,-666666666.0,-666666666.0,4.9,1.6,84.4,2.8,62.6,40.3,13.1,5.0,59.8,12.3,7.3,6.9,29.8,0.0,3.6,5.6,9.4,31.9,186471,19.4,0.6,7.2,40.1,78194,115227,78287,76.9,76.9,4.4,0.0,0.0,0.0,2940,84.9,0.0,6.1,2940,06,075,011000,21.2,1.3,11.3,10.7,2497,16.7,2079,2.08,4.0,19.7,0.0,0.0,0.0,42.3,4001,2042,1.5,17.6,0.0,0.0,56.6,4792,23,7162,low,239179,0.0048
80,"Census Tract 260.04, San Francisco County, California",5011,1301,966,14.1,25.7,3.85,4.1,14.3,25,0.0,0.0,6.7,12.2,92.5,0.0,55.2,70.3,3.7,4.2,31.0,30.9,5.5,4.2,13.0,0.0,0.8,5.8,16.2,17.1,119919,26.8,2.1,8.3,15.2,40640,56128,62824,65.4,65.4,9.8,8.8,0.0,36.3,1314,99.0,0.0,0.0,1314,06,075,026004,0.0,0.9,0.0,4.5,1301,65.2,453,3.56,0.8,31.2,0.0,1.4,0.0,75.9,2884,1800,7.3,14.1,0.4,1.6,26.4,5011,33,5177,low,336229,0.0066
81,"Census Tract 301.01, San Francisco County, California",5045,2061,908,3.5,55.9,2.33,2.93,20.8,13,-666666666.0,-666666666.0,2.4,4.4,77.4,1.0,74.4,27.0,9.0,4.6,73.4,7.5,7.1,6.6,25.9,1.0,7.8,2.2,10.0,19.2,148978,13.4,0.8,3.2,21.9,63242,90764,85592,87.2,87.2,1.8,0.9,0.0,0.0,2209,93.3,0.0,0.0,2209,06,075,030101,7.3,0.4,13.8,10.2,2061,31.0,1422,2.29,5.6,19.4,0.0,0.0,0.0,27.4,3064,2179,8.0,10.3,0.0,3.7,67.5,5045,34,4268,low,346434,0.0067
82,"Census Tract 330, San Francisco County, California",8425,2824,1926,9.9,31.8,2.95,3.23,14.5,0,0.0,0.0,4.2,8.8,89.6,0.4,60.9,45.0,10.8,5.5,53.9,13.7,6.9,5.2,27.6,0.0,1.8,6.9,14.4,22.0,149601,37.0,1.8,3.2,23.1,51737,70029,71820,77.7,77.7,2.9,1.8,0.0,0.0,2901,97.3,0.0,0.0,2901,06,075,033000,0.0,0.0,0.0,1.1,2824,66.0,959,2.66,2.7,20.1,0.9,0.9,0.8,31.4,3593,2220,4.0,27.6,0.6,3.1,44.2,8425,150,7912,low,1503630,0.0178
83,"Census Tract 254.03, San Francisco County, California",5050,1408,987,22.0,29.9,3.57,4.04,12.3,0,0.0,24.3,6.3,7.7,89.9,0.5,60.2,47.0,3.5,9.5,50.7,20.6,4.6,7.2,14.6,0.0,2.8,9.4,13.4,28.7,165204,26.2,7.6,14.3,26.5,55874,75625,56369,70.9,70.9,4.7,5.5,0.0,24.2,1546,91.1,0.0,0.0,1546,06,075,025403,3.6,0.0,3.2,7.8,1408,57.7,596,3.74,1.8,29.9,1.4,1.4,0.0,38.8,3152,1487,5.6,13.9,0.0,3.4,42.0,5050,51,7631,low,516564,0.0101
84,"Census Tract 264.01, San Francisco County, California",3548,1003,839,17.0,16.4,3.51,3.72,6.7,34,8.6,0.0,13.0,12.3,95.8,0.0,43.3,69.1,1.2,7.3,26.1,32.1,10.5,2.4,7.9,0.0,0.0,15.4,17.3,6.3,94664,49.1,0.0,6.3,5.4,32350,54526,36959,60.9,60.9,8.1,5.7,0.0,22.5,1053,95.3,0.0,0.0,1053,06,075,026401,0.0,0.0,4.7,0.0,1003,73.3,268,3.73,0.9,25.9,1.2,0.0,4.6,66.4,2436,1530,6.1,24.7,0.4,0.4,6.3,3548,34,4534,low,341043,0.0096
85,"Census Tract 302.02, San Francisco County, California",4487,2095,934,5.5,55.4,2.12,2.69,17.4,0,0.0,0.0,1.0,3.6,87.1,2.0,70.8,37.0,7.6,0.6,68.1,10.5,7.2,7.9,29.3,0.0,1.9,2.1,16.1,25.1,162476,17.6,0.7,1.9,41.3,80484,102639,79625,82.5,82.5,1.1,5.7,0.0,-666666666.0,2164,96.8,0.0,0.0,2164,06,075,030202,2.5,0.0,12.1,18.3,2095,29.3,1482,2.51,6.0,19.2,0.0,0.0,0.0,26.4,3800,2029,4.1,15.1,0.4,4.5,60.7,4487,35,6121,low,355664,0.0078
86,"Census Tract 353, San Francisco County, California",7309,2573,1750,13.0,32.0,2.83,3.3,9.4,51,4.6,9.8,9.0,6.8,92.3,1.5,52.9,57.9,9.2,2.2,44.6,18.4,8.9,6.6,13.1,0.0,4.0,3.9,9.4,10.4,117669,37.8,2.1,7.0,10.2,50714,68684,55000,77.0,77.0,5.2,3.3,0.0,34.5,2687,95.8,0.0,7.0,2687,06,075,035300,1.9,0.0,2.6,2.3,2573,68.6,809,2.88,1.9,26.7,1.2,0.0,0.0,62.3,3390,1885,4.5,25.2,0.0,3.5,37.4,7309,112,5019,low,1126337,0.0153
87,"Census Tract 476, San Francisco County, California",5605,2324,1257,10.5,45.9,2.41,3.14,10.5,0,0.0,62.2,7.1,9.1,86.5,0.9,64.2,41.9,9.2,3.5,55.8,17.1,13.3,9.5,16.7,0.0,2.4,2.5,10.7,18.8,137893,21.3,3.0,1.6,30.0,54244,83897,56087,79.0,79.0,5.1,1.0,0.0,14.0,2437,95.4,0.0,2.5,2437,06,075,047600,3.6,0.0,6.6,1.1,2324,38.1,1438,2.34,5.0,22.7,0.0,0.0,0.0,21.8,4001,2092,4.4,21.4,0.2,5.2,50.2,5605,53,5224,low,531174,0.0095
88,"Census Tract 106, San Francisco County, California",3356,1797,673,4.1,62.5,1.87,2.65,13.3,0,0.0,0.0,9.4,4.3,86.5,3.2,50.6,54.7,7.4,5.6,47.9,20.9,8.3,11.7,31.8,0.0,15.6,8.8,9.8,14.6,109706,27.9,1.6,4.3,14.3,46181,83438,52813,61.2,61.2,5.5,21.2,0.0,0.0,2161,83.2,0.0,8.9,2161,06,075,010600,34.5,0.0,9.2,34.2,1797,11.1,1598,1.72,4.5,21.8,0.0,0.0,0.0,39.2,1897,1033,0.6,26.7,0.7,0.6,41.7,3356,18,13108,high,187223,0.0054
89,"Census Tract 208, San Francisco County, California",6399,2719,823,3.2,69.7,2.29,3.39,24.8,0,0.0,0.0,7.5,0.8,82.3,0.2,72.8,40.9,9.1,3.2,51.4,22.8,8.8,6.6,27.4,1.1,4.0,6.3,5.7,21.0,148226,14.5,3.7,1.9,13.0,54968,72412,82273,68.4,68.4,9.0,4.7,0.0,0.0,2794,97.3,0.0,0.0,2794,06,075,020800,22.3,1.2,6.4,23.9,2719,14.5,2325,2.19,5.9,19.5,0.0,0.0,0.0,53.8,3500,1446,3.3,8.1,0.0,3.0,55.9,6399,34,34214,high,346098,0.0053
90,"Census Tract 610, San Francisco County, California",4851,1752,1218,16.0,30.5,2.76,3.27,6.7,42,0.0,0.0,7.4,8.2,91.3,1.4,53.0,61.6,2.6,7.0,38.1,21.9,7.9,5.0,18.1,0.0,3.9,6.7,9.1,15.5,108802,22.9,1.7,2.6,16.1,50192,63627,67808,73.9,73.9,4.7,7.6,8.4,38.1,1774,98.8,0.0,0.0,1774,06,075,061000,33.8,2.1,3.9,1.4,1752,55.4,781,3.01,7.2,29.2,0.8,0.5,0.0,71.1,2816,2349,6.7,15.1,1.1,1.1,18.8,4851,216,6981,low,2169753,0.0445
91,"Census Tract 203, San Francisco County, California",3413,1760,526,3.9,70.1,1.93,2.48,25.3,0,0.0,0.0,0.6,3.4,79.9,3.6,78.2,21.9,11.6,0.9,77.3,8.5,8.7,7.5,37.0,0.0,1.2,1.9,10.6,29.8,174728,14.4,0.5,2.4,39.4,89393,106139,102656,85.1,85.1,0.8,1.3,0.0,0.0,1977,89.0,0.0,2.1,1977,06,075,020300,19.5,2.5,14.0,9.6,1760,28.6,1256,1.84,6.4,29.8,0.0,0.0,0.0,48.8,3577,2029,3.0,10.5,1.3,3.2,75.7,3413,28,11539,high,285950,0.0082
92,"Census Tract 207, San Francisco County, California",5075,2491,870,2.2,65.1,2.01,2.68,21.1,8,0.0,0.0,0.3,1.8,82.4,0.6,72.6,28.0,14.5,2.9,73.1,9.1,6.6,4.5,36.6,0.0,1.9,6.5,3.1,41.4,210865,14.7,0.5,1.1,59.1,101069,134307,116042,85.3,85.3,1.7,1.1,0.0,31.3,2917,85.4,0.0,8.1,2917,06,075,020700,13.9,0.0,9.3,15.4,2491,28.3,1785,2.1,8.7,27.1,0.0,0.0,3.0,13.3,4001,1990,5.4,12.8,0.0,3.5,75.1,5075,34,12781,high,347105,0.0067
93,"Census Tract 211, San Francisco County, California",4199,1887,986,2.1,47.7,2.23,2.75,14.0,0,0.0,0.0,2.0,3.1,81.7,4.8,71.8,28.1,13.4,6.3,78.4,4.5,7.0,9.0,28.4,0.0,2.3,1.1,10.7,43.9,225513,20.6,2.6,1.0,58.0,105605,124740,132083,91.2,91.2,3.5,2.1,0.0,100.0,2089,90.3,0.0,0.0,2089,06,075,021100,2.5,0.0,5.0,1.9,1887,46.6,1008,2.28,4.9,24.7,0.0,0.0,0.0,17.9,4001,2277,7.0,17.1,0.4,4.6,84.8,4199,42,4270,low,424230,0.01
94,"Census Tract 212, San Francisco County, California",3095,1453,785,5.0,46.0,2.12,2.68,9.9,30,-666666666.0,-666666666.0,0.4,3.3,81.3,0.0,79.3,21.6,14.6,2.9,76.3,2.7,5.1,11.6,28.8,0.0,1.1,1.4,7.8,44.9,233469,18.9,1.0,0.7,57.6,99464,114909,103000,93.0,93.0,0.9,0.0,0.0,0.0,1570,92.5,0.0,0.0,1570,06,075,021200,9.4,0.0,6.4,2.9,1453,57.1,624,2.23,10.3,26.6,1.1,0.0,0.0,18.9,4001,1950,8.6,17.5,2.4,4.4,86.1,3095,34,2363,low,345793,0.011
95,"Census Tract 213, San Francisco County, California",2650,1250,608,1.0,51.4,2.12,2.87,9.9,0,0.0,0.0,0.0,1.6,86.5,0.4,70.9,17.0,12.1,3.2,74.8,8.0,7.4,10.3,30.2,0.0,4.4,1.9,8.2,38.2,257829,13.0,0.0,0.0,51.6,107434,122361,123061,88.1,88.1,3.4,1.3,0.0,0.0,1294,96.6,0.0,0.0,1294,06,075,021300,7.2,0.5,12.2,4.0,1250,56.2,548,2.36,3.6,27.1,0.0,1.4,0.0,10.0,3890,2271,5.6,16.1,0.0,3.2,78.9,2650,31,2021,low,312361,0.0117
96,"Census Tract 107, San Francisco County, California",5522,2491,1378,17.3,44.7,2.22,2.83,9.1,0,0.0,0.0,13.2,2.3,91.3,0.3,26.9,79.5,4.0,7.7,27.6,36.7,17.2,4.8,8.2,0.0,12.8,23.3,7.5,5.3,62653,37.9,3.9,13.1,4.7,23687,34259,40597,45.6,45.6,3.3,13.0,0.0,0.0,2801,88.9,0.0,3.6,2801,06,075,010700,57.6,0.0,5.5,51.7,2491,8.9,2270,2.52,1.6,30.5,0.0,0.0,17.2,40.7,3243,709,2.8,33.7,0.4,0.0,16.7,5522,18,13858,high,183170,0.0033
97,"Census Tract 162, San Francisco County, California",3358,1903,423,1.8,77.8,1.75,2.41,25.0,53,-666666666.0,-666666666.0,1.2,3.3,85.3,0.3,76.9,27.4,8.1,2.7,68.8,16.0,8.8,7.9,34.7,0.0,4.7,3.3,11.5,26.7,160218,15.4,1.6,6.0,50.1,86843,104208,87479,78.8,78.8,2.8,0.0,0.0,0.0,2052,92.7,0.0,6.3,2052,06,075,016200,48.3,5.1,14.5,33.9,1903,14.2,1633,1.97,11.7,19.9,0.0,0.0,0.0,39.6,2956,1860,2.0,14.4,0.0,2.1,69.7,3358,27,12466,high,273256,0.008
98,"Census Tract 169, San Francisco County, California",3191,1614,418,1.5,74.1,1.96,2.73,26.2,0,-666666666.0,-666666666.0,1.0,3.0,85.4,0.7,80.7,20.5,9.1,7.9,76.2,7.4,6.7,10.9,22.9,0.0,2.0,2.2,6.9,28.7,166783,13.6,1.4,5.8,40.7,72698,88173,105022,86.3,86.3,1.9,1.7,0.0,0.0,1804,89.5,0.0,2.3,1804,06,075,016900,13.6,0.6,8.6,15.7,1614,30.2,1126,2.18,5.1,23.4,0.0,0.0,0.0,33.2,3049,2018,4.3,10.7,1.3,2.9,76.4,3191,29,13632,high,294847,0.0091
99,"Census Tract 252, San Francisco County, California",5407,2004,1188,4.6,40.7,2.69,3.25,13.3,16,0.0,0.0,5.0,2.5,87.8,2.4,74.7,30.2,8.6,4.5,58.3,13.4,3.5,8.0,32.2,0.0,2.5,3.2,6.1,30.5,185807,22.7,0.8,1.5,31.7,64381,101453,95647,78.6,78.6,5.1,2.6,0.0,0.0,2320,86.4,0.0,0.0,2320,06,075,025200,0.3,0.0,4.6,2.1,2004,65.1,699,2.5,3.9,27.6,0.0,0.0,0.0,25.7,3266,1855,9.8,16.4,2.2,1.3,78.8,5407,65,8465,low,657048,0.012
100,"Census Tract 101, San Francisco County, California",3850,2061,848,15.7,58.9,1.87,2.73,8.3,0,0.0,0.0,3.3,4.1,84.0,5.5,55.6,52.6,10.7,3.4,58.9,15.2,11.1,12.4,32.9,0.0,7.9,14.1,5.9,15.7,120803,24.8,2.7,4.9,17.8,75887,110694,81444,63.1,63.1,4.4,15.9,0.0,44.4,2299,89.6,13.9,0.9,2299,06,075,010100,63.9,0.9,22.4,20.8,2061,10.8,1838,1.93,8.4,29.6,0.0,0.0,0.0,49.8,3538,1686,1.9,26.0,1.1,1.4,53.0,3850,77,32773,high,776490,0.02
101,"Census Tract 112, San Francisco County, California",3459,1920,708,1.9,63.1,1.8,2.46,14.4,0,-666666666.0,-666666666.0,4.3,3.3,83.7,1.9,67.9,28.6,9.2,5.9,61.0,11.0,10.1,17.9,28.5,0.0,5.0,6.7,10.6,31.4,156914,27.8,1.5,1.4,40.5,75339,120398,90833,79.5,79.5,4.7,4.4,0.0,-666666666.0,2321,82.7,2.2,3.2,2321,06,075,011200,32.5,0.3,6.7,12.3,1920,28.0,1383,1.86,8.9,21.9,0.0,0.0,0.0,16.9,3516,1933,0.7,27.1,0.0,2.3,63.6,3459,17,4589,low,177414,0.0049
102,"Census Tract 134, San Francisco County, California",3880,1986,755,0.0,62.0,1.93,2.76,13.5,5,0.0,0.0,2.3,3.1,83.7,0.3,78.4,21.3,10.5,2.0,73.3,9.2,4.6,17.9,32.7,0.0,4.7,2.5,9.1,42.5,247094,25.8,2.0,0.0,65.0,104167,168892,99338,92.3,92.3,0.8,0.0,0.0,-666666666.0,2190,90.7,0.0,1.5,2190,06,075,013400,12.3,1.7,4.6,8.3,1986,39.3,1206,2.3,5.5,13.0,0.0,0.0,0.0,14.9,4001,2498,2.7,18.8,0.0,2.6,75.4,3880,35,4253,low,354176,0.009
103,"Census Tract 151, San Francisco County, California",2600,1618,457,0.9,71.8,1.58,2.3,13.7,0,0.0,0.0,0.9,2.7,77.6,3.4,63.9,29.8,10.5,2.0,69.4,5.8,12.3,10.0,29.3,0.0,1.9,2.7,15.8,21.0,129132,30.6,1.1,1.4,23.2,67778,90521,69632,80.3,80.3,2.4,3.9,0.0,-666666666.0,2018,80.2,0.0,8.4,2018,06,075,015100,79.2,5.0,16.1,16.1,1618,27.3,1177,1.36,11.8,19.0,0.0,0.0,1.8,75.3,3414,2284,0.6,29.9,0.8,1.3,65.5,2600,17,10103,low,173860,0.0065
104,"Census Tract 157, San Francisco County, California",8912,2600,1195,7.5,54.0,2.28,2.93,17.4,0,0.0,0.0,3.8,3.4,66.5,2.7,79.7,27.2,9.9,11.3,63.5,9.5,9.5,3.8,27.4,0.0,2.0,6.2,11.5,24.8,145381,17.5,2.9,0.8,31.6,40668,103047,79603,87.9,87.9,4.4,2.2,16.7,0.0,2825,92.0,0.0,0.0,2825,06,075,015700,10.3,0.9,9.2,6.3,2600,37.3,1630,2.3,3.8,30.9,0.0,0.0,0.0,28.4,3226,2316,4.3,10.8,0.1,3.7,62.5,8912,83,12856,high,836664,0.0093
105,"Census Tract 164, San Francisco County, California",4187,1806,512,1.9,71.7,2.21,2.94,29.8,21,0.0,0.0,2.7,3.6,84.1,0.1,82.0,21.3,16.0,1.2,65.5,11.5,5.5,6.4,29.7,0.0,0.7,1.7,8.5,34.9,180004,11.7,0.7,3.2,41.6,82344,102713,83203,88.5,88.5,2.8,0.0,0.0,0.0,1946,92.8,0.0,4.8,1946,06,075,016400,12.3,0.0,10.6,7.0,1806,22.4,1401,2.2,5.5,21.8,0.0,0.0,0.0,38.3,3011,2322,4.4,10.4,0.4,2.9,77.2,4187,30,8657,low,309099,0.0072
106,"Census Tract 166, San Francisco County, California",5583,2398,916,1.8,61.8,2.3,2.75,27.5,0,-666666666.0,-666666666.0,2.7,1.8,83.1,1.9,80.5,11.5,12.9,1.3,61.6,14.5,14.3,6.8,31.1,0.0,3.6,5.7,7.8,27.4,162522,14.1,2.8,0.5,32.1,63788,84357,92260,89.6,89.6,3.7,0.0,0.0,-666666666.0,2724,88.0,0.0,6.9,2724,06,075,016600,4.0,0.0,8.1,16.9,2398,20.8,1899,3.13,4.4,14.6,0.0,0.0,0.0,13.8,4001,1932,1.7,14.3,0.4,3.2,81.6,5583,34,21448,high,343168,0.0061
107,"Census Tract 179.02, San Francisco County, California",3064,595,286,24.9,51.9,3.17,3.24,34.4,17,0.0,11.4,5.1,8.6,68.8,0.5,71.6,39.1,5.0,14.6,13.7,35.5,13.5,2.6,14.3,1.1,6.6,6.7,7.4,9.9,86816,17.6,15.3,18.2,3.1,18851,42137,47917,44.8,44.8,18.1,18.2,0.0,42.7,708,84.0,-666666666.0,4.7,708,06,075,017902,0.8,0.0,1.4,1.0,595,0.0,595,-666666666.0,4.2,36.6,-666666666.0,-666666666.0,-666666666.0,-666666666.0,-666666666,2135,2.3,5.4,2.5,1.8,45.6,3064,270,3905,low,2705146,0.0881
108,"Census Tract 214, San Francisco County, California",3783,1744,798,3.8,54.2,2.17,2.84,15.2,8,0.0,0.0,0.3,3.8,84.4,0.8,77.9,22.9,14.3,5.4,77.1,7.8,6.7,5.7,32.1,0.0,2.2,3.4,8.7,41.7,216300,16.8,0.0,0.0,53.3,99706,117431,105664,90.5,90.5,1.3,3.8,0.0,42.9,1818,95.9,0.0,3.2,1818,06,075,021400,3.9,0.0,7.0,4.1,1744,47.9,909,2.26,6.8,25.3,0.0,2.5,0.0,28.5,3944,2567,7.9,14.4,0.2,2.2,82.4,3783,35,3759,low,353319,0.0093
109,"Census Tract 120, San Francisco County, California",3993,2484,646,3.1,74.0,1.56,2.33,13.7,8,-666666666.0,-666666666.0,2.1,4.2,76.7,2.6,57.9,45.7,7.4,11.0,49.6,30.5,8.7,5.9,20.6,0.3,13.0,9.4,9.7,4.9,77320,14.0,5.5,7.3,7.6,38750,49250,54808,65.1,65.1,12.9,9.1,0.0,0.0,2888,86.0,0.0,5.9,2888,06,075,012000,84.0,0.5,25.2,61.9,2484,3.0,2410,1.34,7.9,16.8,44.6,0.0,0.0,24.3,1642,1335,0.8,17.5,1.9,2.7,51.5,3993,12,18198,high,125229,0.003
110,"Census Tract 127, San Francisco County, California",4027,2228,684,2.5,69.3,1.81,2.81,13.9,0,0.0,0.0,0.7,4.6,79.6,2.8,83.4,18.0,16.1,2.9,74.9,1.1,8.6,12.4,34.2,0.0,3.1,1.6,11.4,31.1,181587,20.7,0.7,1.4,44.3,96115,107106,102768,90.9,90.9,1.1,3.8,55.3,-666666666.0,2311,96.4,0.0,0.0,2311,06,075,012700,10.4,0.0,15.6,13.2,2228,32.2,1511,2.11,5.8,23.4,0.0,0.0,2.4,5.6,3308,2297,2.2,21.8,0.2,4.2,86.5,4027,43,4918,low,437783,0.0107
111,"Census Tract 132, San Francisco County, California",4274,2191,979,0.0,55.3,1.94,2.86,5.3,0,-666666666.0,-666666666.0,0.0,1.9,88.1,0.9,81.1,19.4,7.9,5.6,74.9,3.6,12.5,18.7,34.6,0.4,1.4,2.8,3.7,47.6,276406,21.8,0.8,1.3,66.9,122470,153802,118352,87.7,87.7,0.2,0.0,0.0,-666666666.0,2620,83.6,0.0,2.7,2620,06,075,013200,23.4,0.0,6.9,13.0,2191,37.7,1366,2.58,9.7,13.1,0.0,0.0,0.0,9.5,4001,2718,4.4,21.7,0.5,0.4,80.1,4274,54,5196,low,546678,0.0126
112,"Census Tract 133, San Francisco County, California",4729,1974,1100,7.8,44.3,2.28,2.96,8.3,0,0.0,0.0,0.4,2.4,84.2,1.0,82.2,21.0,14.3,3.9,68.6,10.2,7.2,19.2,22.7,0.9,1.6,2.8,5.1,44.0,251350,25.5,0.5,1.3,62.5,84231,135294,101964,86.2,86.2,2.9,2.0,0.0,22.9,2113,93.4,3.4,0.0,2113,06,075,013300,14.8,0.0,6.8,7.0,1974,49.2,1002,2.78,4.9,26.5,0.7,0.0,0.0,8.0,4001,1812,8.4,20.7,0.3,4.3,79.1,4729,58,4881,low,581310,0.0123
113,"Census Tract 135, San Francisco County, California",2673,1550,452,3.2,70.8,1.7,2.7,11.8,0,0.0,0.0,0.5,3.1,79.7,1.3,74.4,24.1,10.8,1.3,76.5,3.1,8.1,13.1,30.9,1.7,2.6,3.4,5.2,33.3,202506,18.2,0.6,4.4,54.4,106896,125775,127743,86.9,86.9,1.8,0.0,0.0,0.0,1859,83.4,0.0,0.0,1859,06,075,013500,37.4,2.3,12.6,24.6,1550,24.1,1177,2.11,4.1,22.5,0.0,0.0,0.0,19.6,3750,1838,5.3,19.3,0.0,3.4,71.3,2673,23,6596,low,235184,0.0086
114,"Census Tract 153, San Francisco County, California",2236,963,382,11.0,60.3,2.14,2.74,21.1,25,-666666666.0,-666666666.0,4.5,3.0,80.8,1.1,80.3,19.1,9.6,2.6,69.0,9.3,6.3,11.8,40.5,0.6,2.2,1.2,11.0,32.4,167599,13.0,1.7,1.7,35.1,79865,84922,90250,90.8,90.8,1.6,6.3,10.3,13.8,1083,88.9,0.0,0.6,1083,06,075,015300,6.2,2.9,5.5,8.4,963,36.9,608,1.92,9.9,32.5,0.0,0.0,0.0,28.5,2939,2424,6.1,16.3,0.4,2.5,68.7,2236,23,4206,low,233721,0.0103
115,"Census Tract 167, San Francisco County, California",5225,2405,960,5.9,60.1,2.13,2.5,24.8,0,0.0,0.0,3.0,4.4,81.6,0.6,81.5,15.6,15.2,3.3,66.7,6.1,8.4,11.8,39.6,0.0,1.7,7.0,4.1,42.2,231726,13.1,2.3,2.8,61.6,93284,133333,103042,87.7,87.7,3.3,0.0,0.0,0.0,2548,94.4,0.0,0.0,2548,06,075,016700,9.4,0.0,12.0,6.8,2405,29.4,1698,2.18,5.6,20.7,0.0,0.0,0.0,21.1,4001,2171,3.8,9.0,0.5,1.5,87.2,5225,49,9662,low,490697,0.0094
116,"Census Tract 202, San Francisco County, California",6181,3143,1170,8.1,62.8,1.95,2.55,18.8,0,-666666666.0,-666666666.0,2.6,7.2,91.7,0.8,68.2,27.8,8.4,5.5,60.9,16.0,7.9,4.7,27.1,0.0,6.3,7.4,7.0,18.9,152961,18.6,2.3,8.0,22.6,72194,95893,67019,73.5,73.5,4.6,3.2,0.0,12.5,3459,90.9,0.0,5.8,3459,06,075,020200,31.5,0.9,12.9,18.1,3143,21.6,2464,1.96,5.9,20.2,0.0,0.0,0.0,46.5,2945,1385,2.8,14.4,1.4,4.1,61.8,6181,33,15135,high,338535,0.0053
117,"Census Tract 205, San Francisco County, California",2949,1398,560,3.2,59.9,2.09,2.56,22.3,0,0.0,0.0,1.0,5.5,90.9,0.4,81.9,16.4,16.8,3.6,65.8,9.9,10.0,7.8,29.9,0.0,4.1,1.9,9.4,35.8,212872,23.5,0.9,0.8,45.4,84762,116810,92371,90.5,90.5,1.9,2.0,0.0,0.0,1456,96.0,0.0,2.8,1456,06,075,020500,2.8,0.0,6.8,4.5,1398,37.6,873,2.3,3.4,23.8,0.0,0.0,0.0,20.0,4001,1983,3.9,15.8,0.0,2.1,81.5,2949,27,10286,low,276896,0.0092
118,"Census Tract 210, San Francisco County, California",4692,2192,683,2.0,68.8,2.05,2.54,27.8,0,-666666666.0,-666666666.0,0.2,5.2,82.7,1.7,80.1,23.5,10.6,1.9,81.0,4.8,8.7,11.0,33.7,0.0,2.1,4.6,6.8,40.1,202976,19.5,0.0,2.5,47.6,78176,105162,111852,86.8,86.8,2.0,6.1,0.0,0.0,2343,93.6,0.0,3.2,2343,06,075,021000,12.4,0.0,9.6,9.6,2192,21.8,1714,2.39,3.5,26.2,3.3,0.0,0.0,38.5,3657,1710,2.9,15.5,1.1,6.2,75.0,4692,31,6145,low,313017,0.0066
119,"Census Tract 230.01, San Francisco County, California",5095,1306,1034,17.2,20.8,3.87,4.38,5.1,37,0.0,9.4,9.6,3.0,95.6,0.6,42.3,73.7,0.7,5.1,23.3,30.9,11.0,6.4,10.6,0.0,6.7,6.5,7.6,9.5,102584,36.8,3.4,13.4,9.0,31281,47574,42308,55.9,55.9,6.7,12.6,0.0,29.1,1424,91.7,0.0,0.0,1424,06,075,023001,2.5,0.0,2.1,0.0,1306,75.5,320,3.96,0.7,29.4,1.0,0.8,0.8,82.0,2281,1181,5.9,22.3,1.4,0.5,10.4,5095,66,8648,low,666063,0.013
120,"Census Tract 352.02, San Francisco County, California",4960,1880,971,5.0,48.4,2.62,3.5,12.4,0,19.0,12.3,5.4,6.8,91.0,0.5,62.4,43.4,7.3,3.1,38.8,25.6,11.4,5.1,17.3,0.0,2.0,5.2,12.9,11.1,100090,27.2,1.1,4.3,16.8,42010,58558,48393,70.2,70.2,6.3,2.5,0.0,21.6,1951,96.4,0.0,0.0,1951,06,075,035202,4.5,0.0,8.5,6.3,1880,34.6,1229,3.27,4.6,26.9,0.9,0.0,2.6,56.2,3064,1742,5.9,19.6,0.3,5.5,48.3,4960,37,5322,low,372758,0.0075
121,"Census Tract 427, San Francisco County, California",5422,2427,1357,12.4,44.1,2.22,2.81,9.6,23,0.0,0.0,6.1,5.5,89.6,1.2,51.6,54.8,7.4,5.9,53.1,16.3,11.4,5.3,21.4,0.6,6.6,5.1,8.3,17.3,122501,34.5,0.4,3.3,26.3,53741,89840,57692,69.1,69.1,7.2,5.9,8.9,42.9,2640,91.9,0.0,0.9,2640,06,075,042700,3.1,0.0,12.8,9.4,2427,34.7,1585,2.41,1.9,23.0,0.0,0.0,0.0,19.1,3400,1730,5.1,27.9,0.4,2.5,42.1,5422,40,4592,low,406940,0.0074
122,"Census Tract 601, San Francisco County, California",4119,1329,768,13.5,42.2,3.1,3.22,26.4,0,0.0,100.0,1.0,3.8,81.9,1.6,86.8,18.9,12.5,0.5,63.6,7.3,8.6,11.3,19.4,0.0,0.0,0.6,5.5,48.0,235372,6.5,1.1,1.1,61.5,66406,97500,79375,95.0,95.0,1.0,0.0,0.0,0.0,1343,99.0,0.0,0.0,1343,06,075,060100,14.6,0.0,5.0,3.2,1329,2.8,1292,2.97,7.3,23.6,0.0,0.0,0.0,0.0,-666666666,3352,7.3,4.7,0.0,4.5,83.2,4119,610,674,low,6108835,0.1481
123,"Census Tract 314, San Francisco County, California",6743,1830,1402,20.7,23.4,3.62,3.78,13.5,26,20.1,18.2,13.2,4.9,92.8,0.5,52.5,61.5,2.3,7.9,33.6,33.3,13.4,3.0,15.9,0.0,1.7,8.1,17.9,8.6,93547,36.6,3.8,8.6,8.7,29657,40634,34355,67.7,67.7,4.6,5.5,0.0,21.0,1960,93.4,0.0,7.6,1960,06,075,031400,0.8,0.0,2.7,3.3,1830,71.2,527,3.71,3.3,32.6,2.5,0.7,0.0,75.1,2771,1693,3.3,18.6,0.5,0.9,20.4,6743,77,9577,low,770543,0.0114
124,"Census Tract 327, San Francisco County, California",6681,2441,1671,6.1,31.5,2.73,3.03,12.6,0,0.0,0.0,3.3,7.4,91.8,0.8,53.2,53.0,9.7,3.2,54.6,19.6,9.8,6.8,24.7,1.0,3.7,2.6,8.8,20.0,129279,32.7,0.5,2.7,21.1,48317,78229,66970,80.1,80.1,3.7,5.2,0.0,0.0,2651,92.1,2.2,0.0,2651,06,075,032700,0.6,0.0,2.2,3.0,2441,71.9,686,2.82,3.3,21.4,1.0,0.0,0.0,39.6,2991,2339,3.2,25.9,1.0,4.7,47.2,6681,84,4314,low,844707,0.0126
125,"Census Tract 401, San Francisco County, California",4436,1936,811,2.1,58.1,2.27,2.93,20.3,0,-666666666.0,-666666666.0,2.8,8.0,85.2,1.8,69.7,32.3,12.3,4.1,59.2,17.4,10.0,7.2,19.9,0.0,3.3,3.3,14.7,13.0,132129,18.2,2.2,1.5,20.0,57284,76394,63462,80.2,80.2,6.2,3.9,4.1,0.0,2072,93.4,0.0,1.9,2072,06,075,040100,2.8,0.0,7.1,8.5,1936,25.6,1440,2.4,3.7,22.1,2.0,0.0,0.0,25.4,4001,1798,7.4,17.2,0.0,2.6,61.1,4436,41,5460,low,419128,0.0092
126,"Census Tract 232, San Francisco County, California",4179,1222,869,30.4,28.9,3.37,4.0,7.2,0,0.0,16.6,11.4,8.6,91.0,0.5,56.5,56.0,2.1,11.5,24.6,27.1,13.7,2.6,14.2,0.0,9.5,6.8,8.3,7.1,93099,31.6,4.9,11.8,3.2,29922,42191,35878,53.6,53.6,6.2,22.4,50.6,44.8,1362,89.7,0.0,0.0,1362,06,075,023200,0.0,0.0,0.5,2.5,1222,56.7,529,3.77,1.1,31.6,0.0,0.0,0.0,74.7,2650,1566,6.0,15.0,3.2,0.0,18.4,4179,85,23303,high,856567,0.0203
127,"Census Tract 301.02, San Francisco County, California",5255,2344,1081,2.8,53.9,2.03,2.7,12.1,0,0.0,0.0,0.5,1.2,74.4,3.4,75.0,27.2,9.8,4.5,79.2,7.6,5.7,12.6,28.6,0.9,1.9,2.2,8.7,34.9,207936,18.7,0.5,0.4,49.9,76303,141772,98500,94.3,94.3,1.2,0.0,0.0,0.0,2466,95.1,0.0,0.9,2466,06,075,030102,21.2,0.7,15.6,2.1,2344,46.2,1260,2.39,9.7,24.1,0.0,0.0,0.0,19.8,4001,2500,2.5,17.4,1.0,0.4,75.9,5255,126,3922,low,1260212,0.024
128,"Census Tract 352.01, San Francisco County, California",5987,1946,1376,13.9,29.3,3.08,3.51,9.8,0,11.6,40.2,5.8,7.0,90.3,1.2,61.6,56.8,4.6,2.3,50.7,18.6,6.7,8.0,21.0,0.0,4.0,6.0,13.7,15.1,111414,33.4,2.2,3.5,16.1,46513,63048,58403,75.7,75.7,5.8,8.2,0.0,18.8,2031,95.8,0.0,4.9,2031,06,075,035201,3.0,0.0,2.7,3.5,1946,69.2,600,3.34,0.8,23.1,0.7,0.7,0.0,61.5,3079,2040,6.1,19.9,0.0,2.0,42.2,5987,93,3883,low,939755,0.0155
129,"Census Tract 354, San Francisco County, California",7112,2548,1709,9.8,32.9,2.79,3.37,7.0,0,0.0,0.0,4.0,7.5,95.6,0.0,58.0,50.1,5.6,6.6,60.3,13.4,9.0,7.4,14.9,0.3,4.4,4.6,5.0,25.0,125940,26.3,0.8,0.5,29.3,54129,70541,56813,79.1,79.1,2.8,2.5,0.0,0.0,2608,97.7,0.0,0.0,2608,06,075,035400,3.3,0.0,8.9,0.5,2548,63.7,926,3.19,3.1,21.0,0.0,0.6,0.0,55.4,3157,1392,4.7,24.5,1.1,1.8,40.2,7112,103,4691,low,1033599,0.0145
130,"Census Tract 159, San Francisco County, California",4563,2085,810,11.6,61.2,2.14,3.0,17.2,46,0.0,0.0,5.7,2.7,72.9,3.6,54.2,46.0,5.5,1.4,63.1,12.3,9.0,7.9,30.7,0.0,3.7,12.1,12.8,12.7,118175,26.0,0.0,6.8,15.8,52031,84113,59907,65.3,65.3,12.0,5.9,0.0,0.0,2444,85.3,0.0,7.9,2444,06,075,015900,69.4,0.0,7.9,22.5,2085,29.0,1481,2.41,11.5,21.0,0.0,0.0,0.0,46.5,2474,2053,2.2,25.4,0.2,2.8,40.4,4563,29,18315,high,296386,0.0064
131,"Census Tract 160, San Francisco County, California",2850,1765,398,3.2,77.5,1.61,2.26,20.5,0,-666666666.0,-666666666.0,2.5,5.0,73.7,4.3,59.9,43.5,5.7,2.2,68.7,10.7,7.7,7.2,31.0,0.0,11.2,10.9,9.5,14.9,122814,27.8,2.3,4.5,28.9,78776,126250,78798,70.6,70.6,6.8,12.8,0.0,-666666666.0,1931,91.4,2.7,0.0,1931,06,075,016000,93.6,0.0,22.3,28.3,1765,22.6,1366,1.54,7.5,23.0,0.0,0.0,0.0,69.7,2885,1592,1.6,32.0,0.4,3.6,63.8,2850,15,8091,low,157523,0.0053
132,"Census Tract 105, San Francisco County, California",2932,1717,613,4.7,64.3,1.71,2.59,8.2,38,-666666666.0,-666666666.0,1.1,3.8,80.4,5.1,60.7,38.6,10.1,4.2,74.2,6.6,2.4,20.6,37.0,0.6,8.9,4.0,7.7,26.1,159417,36.0,2.7,7.8,42.6,107119,126250,107500,78.5,78.5,2.3,8.5,45.2,34.0,2036,84.3,0.0,6.9,2036,06,075,010500,92.1,0.8,12.8,21.7,1717,17.3,1420,1.77,4.1,25.5,0.0,0.0,0.0,32.0,4001,2386,6.9,31.4,2.8,4.6,62.8,2932,68,20054,high,683606,0.0232
133,"Census Tract 113, San Francisco County, California",3046,1546,675,2.5,56.3,1.95,2.97,4.6,0,0.0,0.0,7.2,7.8,92.1,0.9,34.4,72.7,5.3,3.4,35.6,36.2,5.8,9.2,21.9,0.0,10.5,17.2,3.5,8.5,106911,34.8,1.2,9.3,10.2,35395,65766,43469,44.7,44.7,6.5,13.3,0.0,100.0,1770,87.3,0.0,4.0,1770,06,075,011300,43.1,0.0,12.5,37.9,1546,10.5,1383,1.85,2.1,39.3,0.0,0.0,0.0,42.9,3625,918,3.9,34.3,0.0,2.5,19.1,3046,10,4580,low,102299,0.0033
134,"Census Tract 152, San Francisco County, California",4301,2370,680,0.7,71.3,1.78,2.56,18.6,0,0.0,0.0,2.1,3.0,73.9,1.5,76.1,27.6,6.8,6.7,74.9,6.0,7.7,11.7,35.8,0.0,10.4,6.9,8.6,26.4,155084,32.2,0.5,0.7,47.2,94643,104500,99870,79.8,79.8,1.6,0.0,0.0,-666666666.0,2586,91.6,0.0,4.1,2586,06,075,015200,43.0,0.0,17.6,28.4,2370,21.3,1865,2.21,8.7,27.3,0.0,0.0,0.0,25.1,4001,1921,4.6,25.2,1.0,2.8,66.3,4301,27,8653,low,279195,0.0063
135,"Census Tract 177, San Francisco County, California",1956,758,337,5.1,55.5,2.57,3.24,22.3,18,0.0,0.0,4.3,8.1,83.6,0.6,64.2,48.0,9.4,5.7,59.6,16.9,8.9,5.0,24.7,0.6,0.7,5.1,13.3,26.5,140627,16.2,0.0,4.5,23.1,52309,83155,78036,72.1,72.1,8.1,7.1,0.0,20.0,842,90.0,0.0,2.0,842,06,075,017700,12.2,1.8,16.0,15.0,758,17.5,625,1.9,4.1,27.0,0.0,0.0,0.0,41.4,3350,1766,5.4,10.0,0.3,4.3,46.8,1956,90,38472,high,903842,0.046
136,"Census Tract 227.02, San Francisco County, California",2287,1012,488,6.0,51.8,2.24,2.7,18.6,0,-666666666.0,-666666666.0,1.5,2.1,82.5,1.7,78.4,24.2,12.7,1.6,78.8,6.2,4.8,5.2,38.5,0.6,0.7,3.7,6.1,49.7,241950,10.9,1.4,0.8,57.6,104099,149333,100972,93.0,93.0,1.1,6.6,0.0,50.0,1084,93.4,0.0,0.0,1084,06,075,022702,8.4,1.3,10.1,8.6,1012,44.2,565,2.47,7.7,31.3,0.0,0.0,0.0,18.3,4001,2391,4.5,12.2,0.4,2.1,76.9,2287,28,4166,low,283840,0.0122
137,"Census Tract 228.01, San Francisco County, California",5765,1923,1157,11.6,39.8,2.94,3.08,23.4,21,47.4,0.0,5.7,5.1,89.5,0.7,63.9,50.9,5.4,1.6,46.5,24.0,9.3,5.9,26.1,0.0,4.6,3.8,7.8,31.7,161836,14.4,1.8,5.1,30.8,46961,60865,76339,73.9,73.9,8.1,9.0,11.6,38.4,2013,95.5,1.3,2.9,2013,06,075,022801,23.1,0.0,8.6,12.2,1923,36.5,1222,2.39,2.9,36.0,0.7,0.7,0.0,42.9,3756,1842,7.8,10.1,1.1,2.6,52.0,5765,57,21442,high,578057,0.0099
138,"Census Tract 231.03, San Francisco County, California",2654,952,670,45.4,29.6,2.79,3.5,0.9,40,0.0,24.9,15.4,10.4,96.6,0.0,86.4,27.9,4.0,8.9,33.3,27.2,14.0,4.7,12.2,0.0,21.8,18.4,5.1,4.1,51589,14.2,19.7,32.9,3.6,26037,58295,40464,31.1,31.1,4.1,26.1,19.8,41.8,1042,91.4,0.0,1.8,1042,06,075,023103,14.3,4.3,3.3,1.0,952,10.6,851,3.16,0.9,36.9,0.0,0.0,0.0,61.4,1819,778,11.9,8.1,3.2,0.0,13.1,2654,125,16556,high,1255708,0.0471
139,"Census Tract 259, San Francisco County, California",4809,1475,971,14.1,34.2,3.21,3.84,10.5,42,11.9,0.0,6.0,10.1,93.2,0.0,61.2,52.4,7.0,4.4,41.1,18.4,17.8,10.0,15.5,0.0,3.8,2.6,6.9,19.6,132854,39.0,2.6,2.7,24.8,38346,78400,51414,80.3,80.3,2.6,1.5,0.0,0.0,1475,100.0,0.0,0.0,1475,06,075,025900,3.6,0.0,0.0,3.5,1475,71.9,414,3.19,0.9,23.0,0.0,0.5,0.9,67.1,3115,2010,5.2,20.0,0.6,0.6,33.5,4809,65,4687,low,658503,0.0135
140,"Census Tract 260.03, San Francisco County, California",5011,1400,1075,16.6,23.2,3.57,3.81,11.7,6,0.0,3.5,5.1,6.8,95.7,0.0,43.0,71.5,3.2,4.3,29.0,29.2,9.7,3.4,11.9,0.0,0.6,12.1,17.2,8.7,93409,34.8,0.2,7.9,8.0,34951,46721,41415,67.7,67.7,7.2,0.9,0.0,0.0,1411,99.2,0.0,0.0,1411,06,075,026003,0.0,0.0,5.2,2.1,1400,65.4,485,3.7,1.7,28.3,0.7,0.0,0.0,73.1,2278,1746,2.7,21.3,0.2,1.6,25.4,5011,40,4285,low,402979,0.008
141,"Census Tract 615, San Francisco County, California",14758,7900,2958,2.8,62.6,1.81,2.41,15.4,0,0.0,0.0,1.5,2.3,75.6,1.5,58.9,38.5,5.9,4.9,76.9,5.5,5.8,17.2,35.2,0.0,2.0,8.6,6.9,49.3,248925,9.4,0.8,0.7,66.1,114464,155625,111946,87.6,87.6,1.7,1.4,9.0,0.0,10230,77.2,4.5,2.7,10230,06,075,061500,92.4,8.0,19.3,22.3,7900,37.7,4925,1.86,11.9,16.8,1.5,0.0,1.2,31.8,4001,2714,3.8,11.4,0.5,1.1,52.1,14758,166,72893,high,1660735,0.0112
142,"Census Tract 119.01, San Francisco County, California",2674,1534,452,1.2,70.5,1.56,2.27,11.8,0,-666666666.0,-666666666.0,0.8,7.0,76.7,3.6,69.9,28.0,7.9,6.2,67.7,8.8,8.2,16.0,28.5,0.0,4.1,4.7,8.3,19.3,137263,18.7,2.0,1.3,46.7,61603,125298,64257,87.0,87.0,5.2,0.0,-666666666.0,0.0,1738,88.3,1.4,3.3,1738,06,075,011901,74.5,0.0,18.8,30.2,1534,36.2,979,1.68,6.5,28.6,0.0,0.0,0.0,54.8,3270,2001,0.0,18.9,0.7,1.1,65.3,2674,6,2853,low,62294,0.0022
143,"Census Tract 119.02, San Francisco County, California",2813,1748,387,3.1,77.9,1.61,2.64,15.3,0,0.0,0.0,2.3,8.5,82.8,0.3,65.7,27.4,16.7,3.0,64.5,8.7,11.1,10.2,29.5,0.0,4.6,5.9,15.5,9.3,108382,12.6,1.1,3.5,12.9,64058,83438,68920,83.0,83.0,1.6,2.3,0.0,0.0,1981,88.2,0.0,2.8,1981,06,075,011902,61.5,0.0,23.6,37.0,1748,7.6,1616,2.23,8.5,27.1,0.0,0.0,0.0,22.0,2438,1735,3.0,14.1,0.0,3.4,63.4,2813,9,4254,low,93053,0.0032
144,"Census Tract 122.01, San Francisco County, California",4638,2683,599,2.2,77.7,1.73,2.94,17.1,0,-666666666.0,-666666666.0,6.0,3.3,83.0,1.2,56.2,45.7,7.2,0.8,43.0,30.2,9.9,7.9,27.7,0.0,12.3,9.8,12.2,5.8,89873,15.1,5.8,9.3,7.3,54916,40819,61687,64.3,64.3,5.7,2.2,0.0,100.0,2997,89.5,0.0,5.1,2997,06,075,012201,80.6,0.0,16.7,58.2,2683,6.7,2504,1.44,11.1,24.9,0.0,0.0,0.0,53.6,-666666666,1531,2.4,12.4,1.4,0.6,49.5,4638,9,19363,high,92048,0.0019
145,"Census Tract 122.02, San Francisco County, California",3525,1631,408,0.6,75.0,1.84,2.86,20.2,0,-666666666.0,-666666666.0,8.2,3.6,64.7,1.6,51.4,49.1,5.3,7.3,37.1,28.7,10.4,5.1,22.8,0.0,16.6,10.4,6.1,8.2,88019,23.7,2.5,9.0,10.3,35625,49608,85694,54.8,54.8,4.9,8.8,-666666666.0,-666666666.0,1712,95.3,0.0,1.5,1712,06,075,012202,81.7,0.0,25.5,50.8,1631,5.6,1539,1.1,9.6,24.4,0.0,0.0,0.0,71.7,3231,1058,1.6,16.8,0.0,3.1,47.1,3525,9,23182,high,92823,0.0026
146,"Census Tract 123.01, San Francisco County, California",2116,1233,281,4.0,77.2,1.72,3.08,14.1,12,-666666666.0,-666666666.0,14.8,7.6,90.4,0.0,47.8,57.9,3.2,10.1,20.9,58.3,5.7,1.2,12.8,0.0,11.8,13.9,4.0,1.1,52975,31.0,9.8,12.2,5.0,25000,27813,54091,39.4,39.4,10.4,17.4,0.0,60.7,1695,72.7,0.0,16.5,1695,06,075,012301,91.5,0.0,9.0,77.4,1233,1.0,1221,-666666666.0,1.8,29.6,0.0,100.0,0.0,0.0,-666666666,736,4.3,19.8,0.6,1.2,47.9,2116,9,26159,high,92148,0.0043
147,"Census Tract 123.02, San Francisco County, California",2621,1943,228,2.0,88.3,1.35,2.44,13.4,0,-666666666.0,-666666666.0,4.5,5.6,67.6,6.8,59.9,41.9,4.7,7.2,58.8,18.2,7.5,6.7,29.0,0.0,18.1,8.1,12.3,3.7,84205,13.1,5.3,9.4,8.3,54278,84438,59565,68.9,68.9,7.2,3.5,-666666666.0,0.0,2272,85.5,-666666666.0,8.6,2272,06,075,012302,89.7,0.0,14.9,69.2,1943,0.0,1943,-666666666.0,12.9,19.7,-666666666.0,-666666666.0,-666666666.0,-666666666.0,-666666666,1518,0.9,11.2,0.0,0.7,48.0,2621,9,16071,high,92649,0.0034
148,"Census Tract 124.01, San Francisco County, California",4782,2749,725,4.7,73.6,1.68,3.25,5.3,15,-666666666.0,-666666666.0,16.5,5.2,83.7,0.1,53.2,51.3,8.6,6.6,35.5,47.9,8.0,8.1,14.9,0.0,12.6,16.6,11.2,0.6,56866,18.2,6.1,16.0,0.0,28993,37986,40159,51.3,51.3,10.1,11.3,100.0,69.9,3190,86.2,-666666666.0,7.8,3190,06,075,012401,82.1,0.0,9.3,74.8,2749,0.0,2749,-666666666.0,6.4,20.8,-666666666.0,-666666666.0,-666666666.0,-666666666.0,-666666666,966,5.5,12.0,0.0,2.0,48.5,4782,9,34775,high,91972,0.0019
149,"Census Tract 124.02, San Francisco County, California",4320,2643,537,6.4,79.7,1.51,2.7,11.1,36,0.0,0.0,3.6,3.7,83.5,0.9,61.7,45.1,6.9,4.3,60.5,11.6,3.8,11.7,26.0,0.0,10.8,6.9,6.0,13.7,120893,14.4,2.8,5.6,21.4,53991,104469,69412,66.6,66.6,6.8,8.0,31.9,26.8,2850,92.7,0.0,3.2,2850,06,075,012402,93.9,2.6,20.2,51.1,2643,5.7,2493,1.83,8.6,28.0,0.0,0.0,0.0,62.0,3019,1258,3.1,14.4,0.3,2.1,47.5,4320,35,51788,high,358024,0.0081
150,"Census Tract 125.01, San Francisco County, California",4002,2259,728,14.0,67.8,1.71,2.92,5.2,0,100.0,0.0,9.3,2.1,88.6,0.0,44.4,66.3,5.3,4.9,22.4,36.7,19.1,3.2,13.8,0.0,9.8,20.8,4.3,1.3,48733,22.3,5.2,17.8,4.1,23603,31017,36250,30.1,30.1,9.1,16.5,0.0,8.9,2628,86.0,0.0,3.6,2628,06,075,012501,98.5,0.0,17.8,63.4,2259,2.1,2211,1.44,9.3,40.6,0.0,0.0,31.3,68.8,-666666666,599,3.3,23.7,0.0,0.6,38.8,4002,13,52755,high,135257,0.0032
151,"Census Tract 125.02, San Francisco County, California",3584,2208,521,4.7,76.4,1.49,2.61,7.2,26,-666666666.0,-666666666.0,11.0,2.4,89.3,0.0,44.1,64.7,4.1,8.7,24.3,56.2,0.6,4.4,12.6,0.0,18.6,12.2,4.6,0.0,47450,37.4,6.6,18.5,0.0,22902,32933,31991,20.9,20.9,10.9,8.6,0.0,0.0,2310,95.6,0.0,1.5,2310,06,075,012502,87.6,0.0,18.0,72.1,2208,0.5,2196,-666666666.0,4.2,30.7,0.0,0.0,0.0,0.0,-666666666,512,3.7,39.1,0.0,1.0,30.7,3584,6,34692,high,61276,0.0017
152,"Census Tract 126.01, San Francisco County, California",2630,1568,496,1.1,68.4,1.68,2.57,10.7,0,-666666666.0,-666666666.0,0.8,1.7,83.6,0.7,78.6,22.1,16.3,1.5,75.8,5.2,8.6,24.3,35.5,0.0,0.6,6.3,10.2,32.8,182504,8.2,0.7,1.3,63.1,105313,143533,95517,97.7,97.7,0.3,0.0,0.0,0.0,1665,94.2,0.0,0.0,1665,06,075,012601,13.2,0.0,21.6,21.4,1568,18.2,1283,2.24,9.9,22.0,0.0,0.0,0.0,4.9,4001,2581,7.8,9.6,0.5,1.4,88.8,2630,17,2400,low,170458,0.0065
153,"Census Tract 126.02, San Francisco County, California",2688,1512,499,2.8,67.0,1.78,2.71,12.1,0,-666666666.0,-666666666.0,0.8,2.8,76.9,1.9,77.9,19.1,17.8,3.0,74.1,4.7,9.3,21.0,30.7,0.5,1.5,6.7,6.3,32.9,209707,14.1,0.0,0.0,65.7,104063,127500,100893,91.8,91.8,2.6,0.0,0.0,0.0,1783,84.8,0.6,2.1,1783,06,075,012602,23.0,0.0,7.1,18.5,1512,21.1,1193,2.61,6.1,17.6,0.0,0.0,0.0,15.0,4001,2380,7.8,12.3,0.0,1.0,85.0,2688,62,4636,low,629712,0.0231
154,"Census Tract 129.01, San Francisco County, California",2661,1496,466,1.1,68.9,1.77,2.49,17.4,0,-666666666.0,-666666666.0,0.0,2.6,85.0,0.7,81.7,15.6,13.5,4.1,76.8,2.9,9.4,20.4,33.5,0.0,4.1,4.3,4.9,35.1,190182,10.8,0.7,0.0,50.4,96831,110774,91087,94.1,94.1,1.5,0.0,0.0,-666666666.0,1700,88.0,6.7,3.1,1700,06,075,012901,14.3,0.0,10.1,14.4,1496,22.3,1162,2.13,3.8,22.9,0.0,0.0,0.0,25.7,4001,2224,5.9,11.6,0.0,1.8,86.2,2661,18,3243,low,180870,0.0068
155,"Census Tract 129.02, San Francisco County, California",4026,2057,608,6.6,70.4,1.92,2.41,26.1,0,-666666666.0,-666666666.0,1.1,2.9,78.5,1.0,87.6,10.7,19.2,1.3,63.1,7.2,6.7,10.9,39.7,0.0,4.2,0.8,11.1,26.8,168683,23.5,0.0,0.0,31.7,80462,102917,84695,92.7,92.7,1.2,6.4,0.0,36.5,2203,93.4,0.0,0.0,2203,06,075,012902,12.8,0.0,12.2,13.4,2057,22.2,1600,2.01,5.9,22.5,0.0,0.0,2.4,11.2,4001,2348,1.8,16.7,0.4,4.4,87.5,4026,35,7834,low,352886,0.0087
156,"Census Tract 131.01, San Francisco County, California",4139,2451,735,3.4,70.0,1.65,2.42,13.8,0,-666666666.0,-666666666.0,0.6,2.5,75.7,4.3,82.3,20.1,11.4,3.8,73.1,5.7,6.9,17.5,33.3,0.0,2.0,5.0,8.2,36.3,188121,10.2,1.2,1.1,55.1,105423,126597,112074,91.8,91.8,2.5,2.4,0.0,-666666666.0,2672,91.7,0.0,0.0,2672,06,075,013101,52.8,0.0,11.4,14.6,2451,15.1,2082,1.74,6.7,19.8,3.8,3.5,0.0,33.1,4001,2516,6.1,10.1,0.0,0.7,81.8,4139,17,4182,low,173030,0.0041
157,"Census Tract 131.02, San Francisco County, California",2959,1514,711,3.8,53.0,1.92,2.35,15.0,0,-666666666.0,-666666666.0,1.3,2.4,79.3,0.9,75.2,23.7,15.4,3.4,65.8,5.1,6.8,19.1,32.5,0.0,5.0,0.0,12.0,39.9,218664,16.8,0.0,0.6,44.0,97188,138696,94063,89.2,89.2,2.8,5.8,26.1,100.0,1758,86.1,0.0,9.6,1758,06,075,013102,50.2,0.6,11.1,10.9,1514,20.2,1208,2.18,6.2,22.5,0.0,0.0,0.0,18.0,4001,2558,5.6,14.0,1.6,3.6,74.9,2959,23,3974,low,237886,0.0078
158,"Census Tract 158.01, San Francisco County, California",4164,1800,835,14.1,53.6,2.27,3.11,13.0,0,0.0,0.0,1.4,5.8,88.0,1.8,77.5,22.3,11.5,8.4,55.4,15.0,10.9,8.2,27.0,0.0,8.2,8.1,7.8,22.7,141221,26.3,5.3,8.9,22.9,65000,113871,64766,71.0,71.0,5.3,15.1,0.0,48.4,1877,95.9,0.0,0.0,1877,06,075,015801,23.9,0.5,6.3,7.9,1800,32.2,1221,2.39,5.1,27.1,2.2,1.2,0.0,28.5,3233,1407,7.2,17.8,4.5,1.5,50.7,4164,34,12481,high,343931,0.0082
159,"Census Tract 158.02, San Francisco County, California",3321,1586,461,1.9,70.9,2.05,3.06,22.2,0,-666666666.0,-666666666.0,1.4,3.0,86.8,1.7,87.1,19.9,14.7,2.9,68.7,6.1,6.0,8.1,26.7,0.0,2.2,5.1,7.6,24.7,174766,16.5,0.7,3.2,33.0,76429,94833,77708,85.9,85.9,4.2,1.5,0.0,-666666666.0,1714,92.5,0.0,0.0,1714,06,075,015802,20.1,0.0,9.4,21.8,1586,19.4,1279,2.22,4.3,23.5,0.0,0.0,0.0,31.9,4001,1738,8.8,10.6,1.5,5.3,78.4,3321,17,5020,low,170744,0.0051
160,"Census Tract 168.01, San Francisco County, California",3746,1795,401,1.3,77.7,2.09,2.63,34.6,0,-666666666.0,-666666666.0,2.9,3.5,84.3,1.8,79.3,19.8,11.5,1.9,67.1,9.1,13.3,3.8,28.1,0.0,3.8,8.6,9.5,26.7,175737,13.9,2.2,2.9,29.7,73664,92375,87162,79.5,79.5,6.8,5.2,0.0,-666666666.0,1942,92.4,7.4,0.5,1942,06,075,016801,30.9,8.8,12.1,10.7,1795,17.5,1481,1.98,5.8,30.9,0.0,0.0,0.0,33.8,3472,1828,2.8,8.0,0.9,2.1,79.9,3746,22,9095,low,226535,0.0059
161,"Census Tract 168.02, San Francisco County, California",3642,1984,571,5.4,71.2,1.77,2.57,18.1,0,0.0,0.0,4.6,2.1,84.9,0.2,79.5,26.9,10.6,2.8,64.7,16.6,6.8,9.1,23.7,0.0,3.1,8.6,15.8,24.3,167680,16.8,2.7,4.0,38.0,81723,86853,108793,77.0,77.0,7.0,4.2,0.0,0.0,2200,90.2,0.0,2.2,2200,06,075,016802,48.3,3.0,12.5,24.0,1984,22.5,1538,1.91,8.3,27.2,0.0,0.0,0.0,29.6,4001,1594,4.4,13.5,0.5,1.5,60.6,3642,21,8825,low,215074,0.0058
162,"Census Tract 171.01, San Francisco County, California",3888,1700,773,2.1,54.5,2.22,2.84,17.4,0,-666666666.0,-666666666.0,0.7,2.7,78.4,1.3,80.6,21.0,6.4,4.1,77.2,5.9,6.9,9.1,33.5,0.4,1.8,2.6,4.6,44.7,223977,15.9,1.4,0.6,60.0,95511,139550,96169,88.5,88.5,1.0,0.0,0.0,0.0,1959,86.8,0.0,1.3,1959,06,075,017101,5.6,0.0,8.6,6.2,1700,43.8,955,2.48,9.3,24.8,0.0,0.0,0.0,16.0,4001,2375,3.5,13.9,2.9,3.6,84.8,3888,31,3255,low,313382,0.008
163,"Census Tract 171.02, San Francisco County, California",3828,1658,837,4.3,49.5,2.29,2.78,17.3,0,-666666666.0,-666666666.0,1.3,2.0,87.0,1.5,81.4,20.0,12.2,3.4,72.1,7.3,11.3,9.7,28.9,0.0,4.5,1.1,7.7,39.7,229668,14.4,1.1,0.6,49.9,82500,107250,81140,91.5,91.5,2.0,2.4,8.7,41.7,1866,88.9,3.5,0.9,1866,06,075,017102,0.9,0.0,2.4,5.9,1658,41.4,971,2.65,5.8,24.1,1.5,0.0,0.0,22.1,4001,2416,7.6,12.3,0.0,2.5,81.2,3828,29,4709,low,294894,0.0076
164,"Census Tract 178.01, San Francisco County, California",3654,2389,833,5.3,65.1,1.53,2.14,8.6,0,-666666666.0,-666666666.0,9.0,0.9,83.5,1.4,29.7,67.9,3.1,2.4,76.8,10.2,3.2,10.1,39.7,0.0,9.2,9.0,3.8,13.7,193413,39.1,0.0,3.8,25.3,95737,153182,71731,53.6,53.6,2.0,1.7,0.0,-666666666.0,2671,89.4,0.0,2.5,2671,06,075,017801,93.4,1.2,20.2,45.8,2389,16.4,1997,1.82,5.7,31.5,4.1,0.0,0.0,35.2,4001,433,2.5,51.4,0.0,0.7,36.4,3654,21,12668,high,214052,0.0057
165,"Census Tract 178.02, San Francisco County, California",5782,2535,936,5.8,63.1,2.1,2.88,19.3,0,-666666666.0,-666666666.0,5.0,4.1,73.3,3.7,60.5,39.7,4.2,5.2,60.3,19.8,12.8,6.1,33.3,0.4,8.6,6.1,7.1,21.5,139018,13.5,2.2,11.5,29.7,45662,72024,52194,56.9,56.9,5.4,13.4,0.0,38.7,2973,85.3,0.0,8.7,2973,06,075,017802,51.0,13.1,12.7,23.9,2535,22.4,1968,1.97,8.8,26.8,0.0,0.0,0.0,45.3,4001,1395,3.5,9.2,0.6,1.8,41.9,5782,51,37046,high,510134,0.0088
166,"Census Tract 204.01, San Francisco County, California",3260,1590,536,2.0,66.3,2.05,2.63,24.4,0,-666666666.0,-666666666.0,1.4,7.5,78.8,3.7,79.7,18.1,9.9,3.1,75.6,4.8,7.2,10.8,34.6,0.0,1.8,2.7,8.4,38.9,198388,13.1,0.7,1.8,41.4,94961,109688,105292,87.0,87.0,3.7,0.0,0.0,-666666666.0,1831,86.8,0.0,3.0,1831,06,075,020401,5.5,0.5,10.5,2.7,1590,55.8,702,2.08,4.6,27.3,2.3,1.1,0.0,19.7,4001,2413,2.9,12.0,0.3,3.4,79.0,3260,32,3232,low,327217,0.0098
167,"Census Tract 204.02, San Francisco County, California",4675,2495,835,2.0,66.5,1.87,2.61,17.9,0,-666666666.0,-666666666.0,0.4,5.8,82.3,2.8,76.9,28.2,12.8,0.3,72.5,9.5,5.6,15.6,16.8,0.0,2.8,2.8,15.7,27.5,168411,21.8,0.7,1.4,41.1,80132,98800,95252,87.5,87.5,3.1,2.3,0.0,-666666666.0,2728,91.5,5.5,2.7,2728,06,075,020402,10.3,0.0,22.1,5.1,2495,27.9,1800,2.13,6.1,23.4,0.0,0.0,0.0,23.2,3876,2100,2.9,14.9,0.8,2.0,74.8,4675,59,4572,low,591322,0.0126
168,"Census Tract 227.04, San Francisco County, California",3297,1540,773,7.4,49.8,2.14,2.66,14.4,0,-666666666.0,-666666666.0,0.6,4.6,91.1,0.4,78.7,17.7,12.8,6.0,80.5,3.2,5.7,7.2,40.3,0.0,2.2,1.6,4.2,45.7,251386,16.2,0.0,0.5,56.5,101750,154896,102969,90.0,90.0,2.2,2.6,0.0,0.0,1772,86.9,0.0,4.2,1772,06,075,022704,18.2,2.1,6.7,7.6,1540,61.5,593,2.26,1.0,33.1,0.0,0.0,0.0,18.7,4001,2350,7.2,14.3,0.0,6.0,81.3,3297,54,6216,low,544609,0.0164
169,"Census Tract 257.01, San Francisco County, California",5307,1458,1154,9.3,20.9,3.62,3.93,8.4,51,0.0,1.3,6.1,10.0,97.7,0.5,49.0,72.7,2.9,3.6,30.1,26.4,10.5,4.4,10.6,0.0,3.7,5.3,14.9,15.8,112356,42.2,0.8,3.3,14.2,41176,61974,43295,70.3,70.3,4.5,5.7,0.0,0.0,1511,96.5,0.0,0.0,1511,06,075,025701,0.5,0.0,0.9,2.1,1458,79.8,295,3.69,0.0,22.6,0.9,0.0,0.0,73.6,2676,2000,3.1,23.3,0.0,0.4,20.1,5307,62,6173,low,627371,0.0117
170,"Census Tract 313.01, San Francisco County, California",4510,1279,946,14.0,26.0,3.5,3.82,11.8,0,0.0,14.0,4.9,7.9,94.8,1.0,57.8,49.5,3.9,8.7,39.1,21.7,12.7,5.9,14.4,0.0,1.6,7.6,12.6,11.9,109843,36.5,1.3,6.6,13.0,41049,57269,57153,73.8,73.8,4.9,6.7,0.0,0.0,1357,94.3,0.0,0.0,1357,06,075,031301,0.0,0.0,2.9,0.6,1279,76.5,300,3.38,2.3,37.5,0.0,2.0,1.1,72.7,2754,2533,2.8,22.0,1.7,1.6,29.6,4510,45,3738,low,451932,0.01
171,"Census Tract 257.02, San Francisco County, California",4427,1248,1018,17.9,18.4,3.49,3.77,6.7,23,0.0,8.8,9.1,7.7,94.3,2.1,37.3,73.3,2.1,5.4,29.9,31.9,12.4,2.3,9.2,0.0,6.4,7.3,7.6,11.1,100630,37.0,5.2,12.0,12.3,31186,47330,45000,56.9,56.9,9.2,9.6,0.0,28.7,1350,92.4,3.6,3.5,1350,06,075,025702,0.8,0.0,2.1,1.3,1248,51.8,602,3.75,2.6,33.8,1.1,0.0,0.0,63.9,2811,1686,4.4,25.9,0.5,0.3,13.4,4427,53,9172,low,533458,0.012
172,"Census Tract 312.01, San Francisco County, California",7251,2073,1364,11.4,34.2,3.43,4.03,12.6,25,6.5,11.6,7.5,6.9,92.9,0.0,46.9,65.7,4.1,7.5,34.4,27.8,15.1,4.7,9.0,0.0,2.2,5.5,16.9,11.0,102785,25.2,4.1,6.2,11.9,30615,41784,44522,70.6,70.6,8.1,3.2,17.8,16.2,2124,97.6,0.0,0.0,2124,06,075,031201,8.7,0.5,4.9,4.4,2073,50.7,1022,3.82,2.2,26.3,1.8,0.0,0.7,70.7,2837,1664,3.7,15.8,0.0,1.9,26.1,7251,51,7626,low,512112,0.007
173,"Census Tract 312.02, San Francisco County, California",3515,909,634,15.5,30.3,3.87,4.19,16.6,30,0.0,17.1,8.1,8.8,91.2,1.1,54.3,62.5,2.8,5.5,31.6,34.9,6.9,4.7,15.4,0.0,5.7,4.3,12.3,13.5,101761,35.2,0.2,8.3,13.9,32878,48409,50577,72.3,72.3,3.9,8.7,0.0,33.7,947,96.0,2.2,0.0,947,06,075,031202,1.4,0.0,1.8,1.9,909,68.6,285,4.1,5.1,21.1,1.0,2.1,1.0,61.7,2475,1967,5.1,19.9,0.0,5.3,18.4,3515,30,3243,low,309420,0.0085
174,"Census Tract 313.02, San Francisco County, California",6198,1972,1185,14.1,39.9,3.14,3.67,17.2,0,0.0,4.9,6.7,7.4,86.8,0.4,53.5,59.0,1.8,5.2,41.7,22.9,6.9,7.0,14.1,0.0,4.9,5.8,17.5,8.0,96791,28.3,2.6,8.1,7.5,40022,54441,50531,74.6,74.6,6.7,11.1,33.7,30.8,2031,97.1,0.0,3.9,2031,06,075,031302,18.1,0.0,5.3,4.3,1972,65.8,674,3.16,3.2,26.5,0.0,0.0,2.0,75.3,2422,2147,4.8,17.6,0.7,2.2,23.0,6198,68,6565,low,684969,0.011
175,"Census Tract 326.01, San Francisco County, California",5404,1823,1071,11.5,41.3,2.96,3.3,20.6,0,0.0,42.3,2.9,9.9,87.3,1.4,65.0,43.1,9.5,3.5,58.6,10.3,8.3,8.1,17.5,0.0,0.6,4.8,8.1,25.5,128120,26.7,2.2,5.0,24.4,51044,64924,70729,76.3,76.3,2.1,2.7,0.0,31.0,1922,94.8,0.0,2.5,1922,06,075,032601,2.5,0.0,5.6,3.1,1823,39.8,1098,3.25,4.5,27.9,0.0,0.0,0.0,54.1,3675,1872,3.6,15.0,1.1,4.8,42.3,5404,41,5827,low,417682,0.0076
176,"Census Tract 326.02, San Francisco County, California",4891,1817,1084,5.7,40.3,2.67,3.32,10.8,12,0.0,0.0,6.4,5.3,93.2,0.7,50.2,57.5,6.1,3.9,51.7,18.1,10.0,7.2,16.3,0.0,1.7,2.7,9.2,15.1,126423,34.0,1.4,2.7,21.4,52230,71667,63333,70.9,70.9,6.9,5.4,0.0,0.0,1817,100.0,0.0,0.0,1817,06,075,032602,7.3,0.0,10.6,1.6,1817,45.0,999,2.84,2.1,28.2,1.2,0.0,0.0,38.8,3247,1996,4.2,23.9,0.6,2.2,35.3,4891,47,2627,low,472116,0.0096
177,"Census Tract 328.01, San Francisco County, California",4396,1469,897,8.1,38.9,2.9,3.48,13.2,0,0.0,12.0,6.5,7.8,87.0,0.0,53.9,62.4,6.0,3.7,50.9,19.9,8.6,5.5,15.0,1.0,0.0,6.8,9.7,21.2,142453,37.0,2.7,6.3,25.8,50873,63301,60469,75.9,75.9,2.2,3.0,0.0,0.0,1589,92.4,0.0,3.8,1589,06,075,032801,1.7,0.0,2.8,0.6,1469,56.5,639,3.11,1.9,14.3,1.0,1.4,1.1,51.9,3157,2206,3.8,28.0,0.0,2.0,32.6,4396,58,4794,low,585365,0.0132
178,"Census Tract 328.02, San Francisco County, California",4355,1561,1023,11.9,34.5,2.79,3.16,13.4,12,0.0,0.0,4.5,10.6,89.6,0.0,59.1,52.9,4.4,5.6,47.2,20.9,7.7,11.9,19.2,0.0,3.5,4.9,13.5,20.4,131968,32.0,0.0,3.4,20.7,52738,68269,71250,79.2,79.2,3.7,6.2,0.0,10.9,1608,97.1,0.0,0.0,1608,06,075,032802,1.6,0.0,1.7,2.4,1561,59.2,637,2.82,3.5,23.7,0.0,0.0,0.0,45.6,3307,2252,3.4,20.9,0.6,3.8,32.1,4355,54,3115,low,548900,0.0124
179,"Census Tract 332.04, San Francisco County, California",4806,1679,655,9.6,61.0,2.86,3.43,31.9,0,0.0,57.1,6.0,7.8,67.2,5.4,52.2,55.5,2.5,10.4,30.2,28.6,19.3,4.4,15.5,0.4,15.1,8.0,10.2,10.5,91770,21.0,1.8,4.0,13.1,21953,53000,50558,64.1,64.1,15.0,8.1,0.0,0.0,1805,93.0,-666666666.0,4.3,1805,06,075,033204,65.3,0.0,1.6,1.7,1679,0.0,1679,-666666666.0,7.4,20.3,-666666666.0,-666666666.0,-666666666.0,-666666666.0,-666666666,1908,1.9,13.2,0.6,2.5,39.8,4806,37,4251,low,373253,0.0077
180,"Census Tract 329.01, San Francisco County, California",5765,1740,1236,9.3,29.0,3.3,3.65,12.5,0,4.3,3.0,1.5,9.3,95.3,0.6,50.1,61.6,5.4,4.7,54.9,16.3,10.9,7.4,16.6,0.4,3.1,4.7,15.3,28.4,156784,43.3,2.0,3.6,29.0,58056,74531,67841,80.5,80.5,2.8,0.8,0.0,0.0,1815,95.9,0.0,0.0,1815,06,075,032901,0.0,0.0,1.0,2.4,1740,77.4,393,3.32,1.6,16.1,0.6,0.0,0.5,53.5,3171,2288,5.2,25.5,1.0,4.1,30.5,5765,67,3153,low,671900,0.0116
181,"Census Tract 329.02, San Francisco County, California",4211,1398,944,15.7,32.5,3.0,3.15,18.4,0,21.3,19.1,5.3,9.1,93.7,1.9,44.8,62.0,9.6,2.6,49.9,16.1,16.4,11.8,17.3,1.3,5.3,9.9,11.9,16.8,150864,38.9,2.9,4.6,17.3,48600,67708,54358,75.4,75.4,2.1,8.8,0.0,8.7,1449,96.5,0.0,0.0,1449,06,075,032902,1.1,0.0,1.4,0.0,1398,74.2,361,2.72,0.9,32.5,0.8,0.0,0.0,60.8,2854,2613,4.2,25.9,0.0,2.3,28.0,4211,50,2887,low,504600,0.0119
182,"Census Tract 332.03, San Francisco County, California",3797,1550,656,9.2,57.7,2.45,2.96,25.4,12,0.0,0.0,2.1,5.2,75.2,5.5,53.9,50.9,9.7,8.9,40.8,23.7,16.4,6.6,13.5,0.0,10.7,13.3,9.2,8.5,81097,19.5,0.6,3.5,11.1,30687,54355,60000,75.8,75.8,9.8,8.4,0.0,10.8,1629,95.2,0.0,1.8,1629,06,075,033203,50.8,5.4,2.1,4.4,1550,5.7,1462,1.82,11.0,22.6,0.0,0.0,0.0,0.0,-666666666,2123,1.1,15.6,0.5,0.4,51.3,3797,43,4256,low,437679,0.0113
183,"Census Tract 426.01, San Francisco County, California",3824,1744,852,7.9,51.1,2.19,2.91,11.7,0,0.0,0.0,0.5,9.1,88.1,1.1,65.9,34.8,9.5,4.9,60.5,11.0,7.4,6.6,22.7,1.1,6.7,8.9,11.9,19.9,138777,23.8,0.6,2.2,31.6,53532,85972,74625,77.2,77.2,2.7,11.9,20.0,53.2,1922,90.7,0.0,0.0,1922,06,075,042601,2.2,0.0,9.2,3.4,1744,31.0,1203,2.38,3.0,21.8,0.0,0.0,0.0,20.0,4001,1828,6.7,23.1,0.3,4.7,58.9,3824,29,3156,low,293133,0.0076
184,"Census Tract 426.02, San Francisco County, California",3022,1416,773,5.1,45.4,2.13,2.82,6.5,0,-666666666.0,-666666666.0,2.1,5.6,86.7,0.4,68.7,36.6,14.5,2.2,59.7,8.4,8.3,9.5,28.7,0.0,3.2,3.8,4.5,28.5,171751,27.4,0.0,0.8,44.9,75625,117083,76375,91.6,91.6,1.3,3.0,5.7,37.1,1602,88.4,0.0,6.1,1602,06,075,042602,3.3,0.0,7.7,5.5,1416,29.9,992,2.31,5.0,12.9,0.0,2.6,0.0,23.3,4001,2125,9.3,24.0,0.0,7.1,63.5,3022,33,3140,low,332059,0.0109
185,"Census Tract 478.01, San Francisco County, California",4521,1715,1000,10.4,41.7,2.62,3.35,9.4,25,0.0,0.0,3.6,7.7,92.4,2.2,60.2,51.3,10.5,5.0,56.8,17.8,9.7,10.3,15.5,0.0,4.2,5.1,11.8,13.0,138030,33.3,1.0,4.0,17.7,59375,72917,66384,77.8,77.8,2.6,6.0,24.0,26.5,1785,96.1,0.0,0.0,1785,06,075,047801,2.1,0.0,6.6,2.0,1715,50.0,858,2.89,4.4,19.3,0.0,0.8,2.6,37.5,3432,1893,5.9,26.1,0.6,7.3,46.3,4521,47,3728,low,476606,0.0104
186,"Census Tract 478.02, San Francisco County, California",3783,1419,842,7.5,40.7,2.65,2.97,18.3,0,0.0,0.0,4.3,7.7,90.4,0.9,60.1,44.1,5.9,1.1,56.7,14.4,11.0,5.6,27.2,0.0,2.6,6.2,16.4,25.2,157683,23.2,0.0,1.3,29.8,52536,101641,81364,80.6,80.6,2.4,2.0,0.0,40.0,1611,88.1,0.0,4.6,1611,06,075,047802,3.4,0.0,6.9,8.3,1419,43.2,806,2.62,4.0,23.3,0.0,0.0,0.0,31.8,4001,1897,2.8,18.5,0.0,1.7,45.7,3783,33,2535,low,339448,0.0087
187,"Census Tract 611, San Francisco County, California",4692,2062,1171,7.2,43.2,2.28,3.08,4.1,47,0.0,0.0,18.3,3.9,93.0,0.7,21.0,89.1,0.2,7.7,13.9,56.7,8.0,1.2,8.3,0.0,16.5,22.5,3.2,3.6,49790,34.8,6.0,20.9,5.5,17194,40565,33636,23.8,23.8,5.6,32.4,21.2,0.0,2289,90.1,0.0,4.7,2289,06,075,061100,71.6,0.0,9.7,57.5,2062,4.5,1969,1.81,0.9,28.8,0.0,0.0,0.0,54.8,4001,572,5.6,34.7,0.0,0.2,3.9,4692,23,12883,high,239861,0.0049
188,"Census Tract 612, San Francisco County, California",4293,1229,740,15.7,39.8,3.4,4.21,13.7,22,7.6,33.7,9.1,5.6,96.4,0.2,60.1,57.1,0.7,11.3,31.3,25.7,12.3,2.0,10.5,0.0,7.6,10.8,6.0,7.8,95552,29.3,4.7,13.4,10.5,28563,33125,48472,51.9,51.9,8.4,14.7,13.7,48.5,1283,95.8,0.0,2.5,1283,06,075,061200,15.0,0.0,4.8,3.2,1229,42.6,706,4.15,0.0,35.7,0.0,0.0,0.0,57.4,2489,960,2.7,19.5,0.3,0.3,19.0,4293,43,22200,high,434742,0.01
189,"Census Tract 614, San Francisco County, California",5977,2521,1411,20.3,44.0,2.37,2.84,14.3,0,0.0,0.0,7.0,7.0,83.3,0.7,76.2,34.0,7.2,4.2,71.9,11.0,7.8,6.8,30.0,0.0,6.8,8.7,9.8,29.5,179319,21.3,1.4,11.9,28.9,85896,115962,95868,69.3,69.3,5.2,22.0,0.0,52.3,2693,93.6,0.0,0.0,2693,06,075,061400,11.5,0.6,9.4,4.3,2521,44.8,1392,2.12,2.5,21.2,2.1,1.2,1.4,34.3,3610,1614,6.1,12.9,2.5,3.3,52.6,5977,79,17597,high,797744,0.0132
190,"Census Tract 9802, San Francisco County, California",305,57,30,0.0,47.4,1.86,2.4,6.6,0,-666666666.0,-666666666.0,7.1,1.7,82.6,2.0,63.3,26.4,10.8,0.0,90.2,0.0,0.0,27.9,16.4,0.0,0.0,0.0,8.8,36.8,348506,43.9,0.0,0.0,50.0,154375,-666666666,159643,82.1,82.1,0.0,0.0,0.0,-666666666.0,76,75.0,0.0,0.0,76,06,075,980200,6.6,0.0,5.3,0.0,57,61.4,22,1.71,0.0,17.5,0.0,0.0,0.0,42.9,3250,2324,2.0,67.2,0.0,0.0,51.8,305,102,425,low,1022573,0.3344
191,"Census Tract 9803, San Francisco County, California",66,49,0,0.0,100.0,1.35,-666666666.0,25.8,0,-666666666.0,-666666666.0,0.0,0.0,77.3,0.0,83.3,9.1,7.6,0.0,57.4,16.4,9.8,0.0,26.2,0.0,0.0,0.0,42.9,0.0,116194,0.0,0.0,0.0,-666666666.0,82031,110500,-666666666,100.0,100.0,0.0,-666666666.0,-666666666.0,-666666666.0,49,100.0,-666666666.0,0.0,49,06,075,980300,46.9,0.0,18.4,10.2,49,0.0,49,-666666666.0,8.2,32.7,-666666666.0,-666666666.0,-666666666.0,-666666666.0,-666666666,1925,0.0,0.0,0.0,7.6,90.9,66,434,23667,high,4341948,6.5758
192,"Census Tract 9805.01, San Francisco County, California",669,246,156,16.3,36.6,2.72,3.71,0.0,167,0.0,33.3,10.5,5.9,93.2,0.0,43.0,66.1,8.4,18.0,25.1,31.0,4.8,9.1,9.6,0.0,15.9,28.9,2.4,0.0,77306,42.3,7.3,26.0,0.0,31458,35938,52019,32.4,32.4,4.5,30.8,0.0,51.4,271,90.8,0.0,0.0,271,06,075,980501,34.7,0.0,3.3,1.8,246,17.9,202,5.16,0.0,50.0,11.4,0.0,0.0,54.5,1944,283,3.7,31.4,0.0,2.2,8.7,669,157,2989,low,1577313,0.2347
193,"Census Tract 9806, San Francisco County, California",575,225,132,22.2,41.3,2.56,3.32,7.7,0,-666666666.0,-666666666.0,10.2,5.5,78.4,2.8,69.0,29.4,3.8,2.7,39.8,31.3,6.3,18.0,23.2,0.0,14.2,7.1,7.1,11.6,87769,30.7,0.0,9.3,16.7,34044,51750,-666666666,65.6,65.6,3.5,22.0,50.0,66.7,285,78.9,22.8,0.0,285,06,075,980600,9.8,33.3,5.3,0.0,225,64.9,79,2.42,5.8,10.2,0.0,0.0,0.0,52.1,2944,859,3.5,13.6,0.9,0.0,36.0,575,213,1020,low,2132298,0.3704
194,"Census Tract 9809, San Francisco County, California",272,154,60,7.1,61.0,1.77,2.72,5.5,109,-666666666.0,-666666666.0,7.8,9.1,90.7,0.0,75.0,28.4,9.9,8.5,58.7,20.7,8.2,2.7,36.4,0.0,20.8,0.0,0.0,19.5,117838,11.0,0.0,0.0,50.0,84375,114750,-666666666,67.3,67.3,11.0,0.0,0.0,0.0,196,78.6,0.0,9.8,196,06,075,980900,23.5,7.1,18.9,34.2,154,10.4,138,2.0,0.0,27.3,0.0,0.0,0.0,31.3,3400,2703,13.2,6.3,0.0,3.7,69.5,272,358,22377,high,3585240,1.3162
195,"Census Tract 6009, San Mateo County, California",4083,1365,1004,7.9,26.4,2.99,3.43,6.8,0,0.0,15.7,6.2,8.8,94.3,0.9,52.7,49.1,9.6,6.1,50.7,13.2,8.5,12.2,8.2,0.5,3.4,4.8,10.0,26.4,133472,35.1,3.0,2.1,29.7,53487,73571,68720,77.6,77.6,3.2,2.2,0.0,0.0,1459,93.6,0.0,6.2,1459,06,081,600900,1.2,0.0,2.2,0.0,1365,73.6,361,2.92,1.0,21.6,1.1,0.9,1.0,64.3,2911,2500,4.0,25.7,1.9,1.7,45.2,4083,203,143,low,2039502,0.0497
196,"Census Tract 6002, San Mateo County, California",4173,1170,900,20.5,23.1,3.57,3.96,8.2,38,0.0,20.5,8.3,6.4,97.1,0.0,40.6,71.2,1.5,5.2,28.4,25.5,11.0,7.1,8.6,0.4,6.4,8.4,17.3,9.6,90551,36.9,2.3,7.8,9.4,31602,43698,39018,71.0,71.0,5.3,5.7,0.0,11.8,1212,96.5,0.0,4.6,1212,06,081,600200,7.3,0.0,5.5,2.2,1170,62.8,435,3.73,0.8,30.8,1.1,5.6,0.0,68.4,2753,1921,3.7,21.2,0.0,1.8,16.0,4173,115,54,low,1158757,0.0276
197,"Census Tract 6003, San Mateo County, California",3952,1272,963,14.2,24.3,3.11,3.48,7.4,16,0.0,0.0,5.4,8.7,94.2,0.0,53.6,61.0,3.4,4.9,35.2,21.0,9.9,9.1,10.3,0.0,1.6,0.5,8.6,20.0,134297,38.7,0.0,2.7,18.2,51366,71750,54682,89.2,89.2,2.1,3.8,22.9,0.0,1334,95.4,0.0,0.0,1334,06,081,600300,1.3,0.0,0.7,0.7,1272,84.3,200,3.06,1.3,27.8,3.0,0.0,0.0,77.5,3327,1997,2.9,23.6,0.0,0.8,28.8,3952,218,72,low,2183129,0.0552
198,"Census Tract 6007, San Mateo County, California",7594,2206,1619,18.3,26.6,3.41,3.88,8.6,22,0.0,23.3,7.9,9.8,93.7,0.8,45.3,70.5,3.3,7.7,25.9,35.5,8.7,9.8,13.7,0.0,3.2,10.2,10.4,8.1,87356,31.0,2.1,5.0,8.3,30324,46406,40052,63.2,63.2,8.1,6.9,9.6,22.7,2246,98.2,0.0,0.0,2246,06,081,600700,3.0,0.0,17.9,2.1,2206,52.1,1056,4.0,3.7,34.3,0.0,0.0,0.0,81.7,2674,1494,5.4,21.6,0.4,0.8,20.8,7594,80,108,low,804173,0.0105
199,"Census Tract 6004.02, San Mateo County, California",5039,1266,1076,13.3,15.0,3.96,3.96,11.3,78,0.0,6.5,11.2,9.1,90.5,0.1,40.4,73.6,1.4,2.6,26.3,27.7,15.3,6.3,10.0,0.0,2.8,0.8,20.7,11.8,103176,38.7,1.5,4.4,12.4,37266,45292,43885,72.5,72.5,3.9,3.3,0.0,16.7,1293,97.9,0.0,0.0,1293,06,081,600402,0.0,0.0,2.1,0.8,1266,74.2,327,4.22,1.4,27.6,0.0,0.0,0.0,85.1,2420,1859,3.1,21.9,0.0,1.8,17.4,5039,40,34,low,402368,0.0079
